,s,vbar,v,t,p,acc
0,0.0,0.0,0.1,0.0,0.0,0.6
1,0.10318683232253534,2.502561640930181,0.5318683232272,0.2,0.194295,1.0
2,0.21541244637046475,3.806335112322286,0.5903878172550424,0.4,0.3444645195380961,1.0
3,0.3411168672319036,-0.1988277710809454,0.6666563913622242,0.6000000000000001,0.48432858180395577,1.0
4,0.4832564007374458,0.1961759823207038,0.7547389436898323,0.8,0.6236533504727421,1.0
5,0.6464647943575983,0.45071492138314123,0.8773449925271202,1.0,0.9595094027658575,1.0
6,0.8364926250324061,1.157471395430443,1.0229333142364034,1.2,1.3117991924037704,1.0
7,1.0571668117081572,1.6220824907224392,1.1838085525284316,1.4,1.6821572161133025,1.0
8,1.3110315900885325,1.9362098360890438,1.3548392312775568,1.5999999999999999,2.064498703093842,1.0
9,1.5997758277626417,2.1511049803624824,1.5326031454719449,1.7999999999999998,2.452639658345189,1.0
10,1.9245179056742927,2.3002221568585712,1.7148176336265482,1.9999999999999998,2.842218618373277,1.0
11,2.285995644833747,2.4060348136135006,1.8999597579551901,2.1999999999999997,3.2306923805023025,1.0
12,2.684692929236917,2.4832848536467833,2.087013086080203,2.4,3.616840635305092,1.0
13,3.120924125210877,2.541682276302415,2.2752988736434694,2.6,4.0002693286005275,1.0
14,3.594890364089224,2.587552571570085,2.46436351512449,2.8000000000000003,4.381040607986405,1.0
15,4.106717066388228,2.6252217492873027,2.6539035078766755,3.0000000000000004,4.759432123042599,1.0
16,4.6564789597650815,2.657495623361431,2.8437154258974457,3.2000000000000006,5.135794766307556,1.0
17,5.2442167590998,2.686211348291872,3.0336625674580397,3.400000000000001,5.510476281650778,1.0
18,5.869948287760053,2.71257764391938,3.2236527191486006,3.600000000000001,5.8837854361299105,1.0
19,6.533675892798783,2.7373894703097186,3.413623331223432,3.800000000000001,6.255979443787536,1.0
20,7.23539138932756,2.761169318984942,3.6035316340584327,4.000000000000001,6.627263671888436,1.0
21,7.975079357616778,2.7842185775846158,3.7933480488501936,4.200000000000001,6.997797082482599,1.0
22,8.752719341959164,2.806803374020602,3.9830517945887953,4.400000000000001,7.367699726053637,1.0
23,9.568287317346403,2.8290730455741584,4.172627959288623,4.600000000000001,7.737060361957973,1.0
24,10.421756668019952,2.851121186159174,4.362065547441669,4.800000000000002,8.10594330923976,1.0
25,11.313098840597377,2.873009593454285,4.551356178319423,5.000000000000002,8.47439420319516,1.0
26,12.242283780247817,2.894776375489926,4.740493218196086,5.200000000000002,8.842444629849696,1.0
27,13.209280222254165,2.916446129611218,4.929471201867339,5.400000000000002,9.210115748418945,1.0
28,14.214055887143331,2.93803449242133,5.118285447042435,5.600000000000002,9.577421062160639,1.0
29,15.256577611580724,2.9595499287969713,5.306931797324703,5.8000000000000025,9.944368503131669,1.0
30,16.336811436405696,2.9809980967687495,5.4954064509216245,6.000000000000003,10.310961980481837,1.0
31,17.454722666148882,3.002381540598463,5.683705846510395,6.200000000000003,10.677202518333324,1.0
32,18.61027590951926,3.0236984038723187,5.8718265872085595,6.400000000000003,11.043089084849466,1.0
33,19.80343510723469,3.0449301132533293,6.059765389948795,6.600000000000003,11.408619191958678,1.0
34,21.03416355140871,3.0660980345219806,6.247519051790068,6.800000000000003,11.773789326536166,1.0
35,22.302423899338464,3.0872005552532045,6.435084427519723,7.0000000000000036,12.138595258796734,1.0
36,23.60817818356736,3.1082352228007633,6.622458414782626,7.200000000000004,12.503032261879559,1.0
37,24.951387819466618,3.129200516670102,6.809637944227996,7.400000000000004,12.867095267597232,1.0
38,26.332013611190632,3.1500937053734916,6.996619973000921,7.600000000000004,13.230778976542208,1.0
39,27.750015756537323,3.1709121896307426,7.183401480463138,7.800000000000004,13.594077935708981,1.0
40,29.205353851124528,3.191653656179053,7.369979465399437,8.000000000000004,13.956986593089944,1.0
41,30.697986892086192,3.212314871030406,7.556350944213885,8.200000000000003,14.319499336007281,1.0
42,32.22787328148479,3.232892781633927,7.74251294978531,8.400000000000002,14.681610517993475,1.0
43,33.794970829538215,3.253383784354844,7.928462530761658,8.600000000000001,15.043314477631718,1.0
44,35.39923675773025,3.273784595965043,8.114196751146293,8.8,15.404605551765362,1.0
45,37.04062770185192,3.2940908742257733,8.299712690078238,9.0,15.765478084772612,1.0
46,38.719099715035554,3.31429856597197,8.485007441741073,9.2,16.12592643509714,1.0
47,40.43460827074523,3.334403222510801,8.670078115356903,9.399999999999999,16.485944979868325,1.0
48,42.187108265803545,3.3543992158787765,8.854921835236356,9.599999999999998,16.845528118193567,1.0
49,43.97655402341479,3.3742693197197107,9.03953574086525,9.799999999999997,17.204670273528585,1.0
50,45.80289929620267,3.394013137738137,9.223916987015008,9.999999999999996,17.563365895408175,1.0
51,47.66609726929164,3.413630931427179,9.40806274386818,10.199999999999996,17.921609460733606,1.0
52,49.566100563395594,3.4331148148660806,9.59197019715336,10.399999999999995,18.279395474752565,1.0
53,51.502861237939214,3.4524571397334043,9.775636548285618,10.599999999999994,18.636718471825844,1.0
54,53.47633079421939,3.47164916703988,9.959059014509915,10.799999999999994,18.993573016045826,1.0
55,55.48646017857391,3.490681426554554,10.142234829045758,10.999999999999993,19.349953701751687,1.0
56,57.53319978560103,3.5095432720002617,10.32516124123198,11.199999999999992,19.705855153972255,1.0
57,59.61649946139005,3.528223620793123,10.507835516670836,11.399999999999991,20.061272028817903,1.0
58,61.73630850679547,3.5467093574531408,10.690254937370938,11.59999999999999,20.416199013836074,1.0
59,63.892575680722075,3.564986944085838,10.872416801888651,11.79999999999999,20.770630828340558,1.0
60,66.08524920345735,3.5830405873715487,11.054318425467724,11.99999999999999,21.124562223721412,1.0
61,68.31427676002204,3.600853623812062,11.235957140177,12.199999999999989,21.477987983740267,1.0
62,70.57960550354255,3.6184071404213234,11.417330295046083,12.399999999999988,21.830902924814204,1.0
63,72.88118205866704,3.6356800338077133,11.598435256198895,12.599999999999987,22.18330189629053,1.0
64,75.21895252498507,3.6526492249167593,11.779269406985057,12.799999999999986,22.535179780713847,1.0
65,77.59286248049466,3.669288604502185,11.959830148109065,12.999999999999986,22.886531494086448,1.0
66,80.00285698508014,3.6855696993404123,12.140114897757229,13.199999999999985,23.237351986122864,1.0
67,82.44888058402648,3.7014594439947905,12.32012109172235,13.399999999999984,23.58763624049885,1.0
68,84.93087731155174,3.716909976328465,12.499846183526108,13.599999999999984,23.937379275095253,1.0
69,87.44879069435774,3.7318837219801355,12.679287644539178,13.799999999999983,24.28657614223695,1.0
70,90.00256375522076,3.746342077163881,12.858442964099027,13.999999999999982,24.6352219289269,1.0
71,92.59213901659314,3.7602331629823045,13.0373096496254,14.199999999999982,24.983311757075583,1.0
72,95.21745850423031,3.773498034135786,13.215885226733489,14.39999999999998,25.33084078372573,1.0
73,97.87846375083973,3.7860683554377412,13.394167239344771,14.59999999999998,25.677804201272412,1.0
74,100.57509579975522,3.797866822922954,13.572153249795504,14.79999999999998,26.024197237678553,1.0
75,103.30729520862951,3.8088050169405765,13.74984083894289,14.999999999999979,26.370015156685874,1.0
76,106.07500205315228,3.8187796974245796,13.927227606268888,15.199999999999978,26.71525325802118,1.0
77,108.87815593077903,3.8276714653886175,14.10431116998168,15.399999999999977,27.05990687759817,1.0
78,111.71669596448919,3.8353458591080956,14.281089167114768,15.599999999999977,27.403971387714577,1.0
79,114.57056080656184,3.8416713283167154,14.257559253623741,15.799999999999976,0.0,0.0
80,117.41972378091305,3.8465310982397516,14.23407048987811,15.999999999999975,0.0,0.0
81,120.26419310522397,3.8513727614499706,14.210622753220884,16.199999999999974,0.0,0.0
82,123.10397697269218,3.8548031261543616,14.187215921475108,16.399999999999974,0.0,0.0
83,125.93908355213352,3.8580386011351506,14.163849872941514,16.599999999999973,0.0,0.0
84,128.76952098806578,3.861264385391872,14.14052448639617,16.799999999999972,0.0,0.0
85,131.59529740081416,3.864480809648688,14.117239641088156,16.99999999999997,0.0,0.0
86,134.416420886595,3.8676881903100617,14.093995216737248,17.19999999999997,0.0,0.0
87,137.23289951762126,3.8708874543043295,14.070791093531613,17.39999999999997,0.0,0.0
88,140.04474134218617,3.874078022907288,14.047627152125527,17.59999999999997,0.0,0.0
89,142.85195438476148,3.8772610856356384,14.024503273637094,17.79999999999997,0.0,0.0
90,145.65454664608842,3.8804374158366417,14.001419339645992,17.999999999999968,0.0,0.0
91,148.45252610327225,3.758451648790167,13.978375232191215,18.199999999999967,0.0,0.0
92,151.2459007098696,3.4476646087772562,13.955370833768848,18.399999999999967,0.0,0.0
93,154.03467839597943,3.137388925069709,13.932406027329838,18.599999999999966,0.0,0.0
94,156.8188670683412,2.8276237176825387,13.909480696277786,18.799999999999965,0.0,0.0
95,159.598474610415,2.518368109220867,13.886594724466754,18.999999999999964,0.0,0.0
96,162.3735088824833,2.2096212248707396,13.863747996199079,19.199999999999964,0.0,0.0
97,165.1439777217238,1.9013821923882608,13.840940396223202,19.399999999999963,0.0,0.0
98,167.9098889423185,1.5936501420909615,13.818171809731508,19.599999999999962,0.0,0.0
99,170.67125033552657,1.2864242068464733,13.795442122358187,19.79999999999996,0.0,0.0
100,173.42806966977878,0.9797035220637262,13.772751220177094,19.99999999999996,0.0,0.0
101,176.18035469076494,0.67348722568293,13.75009898969963,20.19999999999996,0.0,0.0
102,178.92811312152116,0.367774458165762,13.727485317872635,20.39999999999996,0.0,0.0
103,181.67135266251717,0.06256436248569291,13.704910092076286,20.59999999999996,0.0,0.0
104,184.41008099173632,4.082054606309783,13.682373200122022,20.799999999999958,0.0,0.0
105,187.1443057647739,4.091188396659356,13.659874530250464,20.999999999999957,0.0,0.0
106,189.8940346149102,4.100286789680828,13.837413971129351,21.199999999999957,26.54045321854928,1.0
107,192.67924115327332,4.109296698651864,14.014651412492881,21.399999999999956,26.885403475205198,1.0
108,195.50084474270625,4.0981357079725145,14.201384481826764,21.599999999999955,27.22976696190265,1.0
109,198.3597625661423,4.662366395066816,14.38779375251709,21.799999999999955,27.592579978965045,1.0
110,201.2559296007239,4.648179902660044,14.573876593313612,21.999999999999954,27.954763871452904,1.0
111,204.18928029948074,4.633815446010717,14.759630394264386,22.199999999999953,28.31631352697856,1.0
112,207.15940172633418,4.619275273863995,14.941583874281694,22.399999999999952,28.179861510998958,1.0
113,210.16541840964783,4.40324616980543,15.118582958846563,22.59999999999995,27.855705603543857,1.0
114,213.206366648501,4.121622193499025,15.290899429681927,22.79999999999995,27.545214411099423,1.0
115,216.2813349642056,3.8572670072427546,15.45878372737067,22.99999999999995,27.247741264189855,1.0
116,219.38946004257377,3.6088183641740375,15.622467056316351,23.19999999999995,26.962661219093494,1.0
117,222.5299230722012,3.37504704221335,15.782163239940356,23.39999999999995,26.68937285675151,1.0
118,225.7019464322475,3.154842748389646,15.93807036054002,23.599999999999948,26.42729929040315,1.0
119,228.90479068958666,2.9472002913294353,16.090372212857194,23.799999999999947,26.17588858308339,1.0
120,232.1377518704685,2.7512076834457755,16.239239595965532,23.999999999999947,25.93461372879417,1.0
121,235.40015897650665,2.566034524682467,16.384831464399326,24.199999999999946,25.70297231503345,1.0
122,238.6913717185853,2.390925843470096,16.527295956375706,24.399999999999945,25.48048595671225,1.0
123,242.01077844566316,2.225192827759091,16.666771314393333,24.599999999999945,25.266699570253873,1.0
124,245.35779424823704,2.0682048755216766,16.803386711333694,24.799999999999944,25.061180540338217,1.0
125,248.73185921870754,1.919384303757835,16.937262993373455,24.999999999999943,24.863517819158456,1.0
126,252.13243685299312,1.7782010061989186,17.068513349479456,25.199999999999942,24.673320988342525,0.9791040420532227
127,255.5590125795352,1.8764887279987825,17.197243915953848,25.39999999999994,24.490219306180844,0.9887131452560425
128,259.0110924034707,1.641925611726802,17.323554323387107,25.59999999999994,24.313860757002562,1.0
129,262.48820165505094,1.3957920634715297,17.447538192429146,25.79999999999994,24.14391111505844,1.0
130,265.9898838326917,1.2806531064050664,17.56928358397746,25.99999999999994,23.980053031811945,0.9208081960678101
131,269.5156995319594,2.0403517346331697,17.688873408684607,26.19999999999994,23.821985152875587,1.0
132,273.0652254528359,1.0667082261075258,17.80638580008754,26.399999999999938,23.669421268781797,0.9218714237213135
133,276.63805347836023,1.819363910740534,17.92189445514337,26.599999999999937,23.522089502213504,0.717366099357605
134,280.2337898184269,3.944961937806767,18.035468945508086,26.799999999999937,23.379731533130748,0.8802977800369263
135,283.85205421322826,2.0790993552496775,18.147175002505747,26.999999999999936,23.24210186232519,1.0
136,287.4924791913181,0.695793326723298,18.257074778397566,27.199999999999935,23.108967113270197,0.9637165665626526
137,291.15470937778446,1.004008075319577,18.36522708626539,27.399999999999935,22.98010537163319,0.9492346048355103
138,294.83840084846815,1.0794382449033375,18.47168762056654,27.599999999999934,22.85530556146211,0.6243185997009277
139,298.5432205265424,4.477010392934399,18.57650916019152,27.799999999999933,22.734366856808577,0.19705289602279663
140,302.26884561812767,8.94567044666661,18.679741755658075,27.999999999999932,22.6170981273762,0.14689821004867554
141,305.9854750267077,9.381208403340304,18.486552330159174,28.199999999999932,0.0,-0.1823403239250183
142,309.6639071091122,-2.838644519085418,18.297768493896676,28.39999999999993,0.0,-0.1633499264717102
143,313.30887166370303,-2.7800004507989997,18.151877052002906,28.59999999999993,0.0,-0.15103256702423096
144,316.93712795789907,-0.6276571402563498,18.13068588997293,28.79999999999993,0.0,0.0
145,320.57042261129027,4.343849795579108,18.202260643942232,28.99999999999993,16.33147787321334,0.021551966667175293
146,324.2161420289667,8.966753846886347,18.25493353283722,29.19999999999993,13.080187548186126,0.029255390167236328
147,327.8710082232901,7.889717638771489,18.293728410379703,29.399999999999928,10.676613709379835,0.02223581075668335
148,331.5276048335363,7.233207223533429,18.272237692086577,29.599999999999927,0.0,0.0
149,335.1799078503245,4.33887217909458,18.25079247579727,29.799999999999926,0.0,0.0
150,338.8329468097618,4.343810959614065,18.279597118565878,29.999999999999925,8.90135177625058,0.03078135848045349
151,342.4902108002789,6.610811439301535,18.293042786587552,30.199999999999925,6.198749345361936,0.032172054052352905
152,346.14667043100053,5.805298735369888,18.27155352061105,30.399999999999924,0.0,0.0
153,349.79883675828387,4.349123601074243,18.250109752212268,30.599999999999923,0.0,0.0
154,353.4467188677845,4.353920194010299,18.228711342804374,30.799999999999923,0.0,0.0
155,357.09032581750216,4.3586823704351065,18.207358154361977,30.999999999999922,0.0,0.0
156,360.73218877124964,4.363410522277081,18.21127138312968,31.19999999999992,4.461147807715105,0.06859415769577026
157,364.3723114114837,4.946775732402897,18.189955019224822,31.39999999999992,0.0,0.0
158,368.00817527610343,4.3700703918652755,18.168683626978392,31.59999999999992,0.0,0.0
159,371.63978934579427,4.374695796148996,18.1474570699311,31.79999999999992,0.0,0.0
160,375.26716257400403,4.379288379980773,18.126275212174335,31.99999999999992,0.0,0.0
161,378.8903038870558,4.383848459920757,18.105137918347385,32.19999999999992,0.0,0.0
162,382.5092221842533,4.38837524487261,18.084045053634686,32.39999999999992,0.0,0.0
163,386.125755998979,4.392869373980517,18.081293093621124,32.59999999999992,3.2143845864931264,0.03428995609283447
164,389.74133532137057,4.958924094637999,18.074500130301463,32.799999999999926,2.5030574209532066,0.11198601126670837
165,393.35529696258527,4.0012554791796555,18.065116281850738,32.99999999999993,2.0446824877628504,0.19798582792282104
166,396.9662193335171,3.04004817177598,18.04410742747045,33.19999999999993,0.0,0.0
167,400.57294433770585,4.4059538216939815,18.023142614403856,33.399999999999935,0.0,0.0
168,404.17548077014,4.41028666429985,18.002221709934968,33.59999999999994,0.0,0.0
169,407.77383739931975,4.414587487962304,17.981344581879657,33.79999999999994,0.0,0.0
170,411.3680229673664,4.418857309437004,17.960511098582998,33.99999999999994,0.0,0.0
171,414.9580461901169,4.423097003633013,17.939721128916613,34.199999999999946,0.0,0.0
172,418.5451493643268,4.427305607124812,17.93131061317842,34.39999999999995,2.14992927526535,0.2253650724887848
173,422.1293385822173,2.8748298031438484,17.91058156572941,34.59999999999995,0.0,0.0
174,425.70938631065655,4.434399582237792,17.889895718668832,34.799999999999955,0.0,0.0
175,429.28530117678747,4.438515985013913,17.869252942641662,34.99999999999996,0.0,0.0
176,432.85709178193065,4.44260240933828,17.848653108807955,35.19999999999996,0.0,0.0
177,436.4247667016971,4.446659930038311,17.82809608884028,35.39999999999996,0.0,0.0
178,439.98833448607184,4.4506868438150144,17.807581754921177,35.599999999999966,0.0,0.0
179,443.5467526551038,4.454684799092304,17.77659993539952,35.79999999999997,0.0,-0.11013776063919067
180,447.1000318847873,4.992574821391926,17.756192361418783,35.99999999999997,0.0,0.0
181,450.6492338237622,4.463632664338719,17.73582702831885,36.199999999999974,0.0,0.0
182,454.19436690764996,4.467579482325478,17.715503810553077,36.39999999999998,0.0,0.0
183,457.7354395470138,4.471513974861009,17.695222583071008,36.59999999999998,0.0,0.0
184,461.27390737048336,4.4754362272397366,17.68945565162778,36.79999999999998,2.4878782640719974,0.32287269830703735
185,464.8097757543874,2.199324370494312,17.6692281874236,36.999999999999986,0.0,0.0
186,468.34160281609365,4.481874042483269,17.649042429645878,37.19999999999999,0.0,0.0
187,471.8693968845437,4.4857576487093604,17.62889825485686,37.39999999999999,0.0,0.0
188,475.3931662640389,4.489629389399163,17.608795540104587,37.599999999999994,0.0,0.0
189,478.91291923434255,4.493489347805351,17.588734162920506,37.8,0.0,0.0
190,482.4286640507671,4.49733760637226,17.5687140013171,38.0,0.0,0.0
191,485.940408944276,4.501174311786485,17.54873493378553,38.2,0.0,0.0
192,489.4481621215855,4.504999539634064,17.528796839293268,38.400000000000006,0.0,0.0
193,492.9519317652448,4.508813389953616,17.508899597281797,38.60000000000001,0.0,0.0
194,496.45172603373794,4.512615990225421,17.489043087664268,38.80000000000001,0.0,0.0
195,499.9475530615855,4.516407425471254,17.469227190823194,39.000000000000014,0.0,0.0
196,503.4394209594284,4.520187780958959,17.449451787608172,39.20000000000002,0.0,0.0
197,506.92733781412244,4.523957197351079,17.429716759333594,39.40000000000002,0.0,0.0
198,510.41131168883294,4.52771575569144,17.410021987776386,39.60000000000002,0.0,0.0
199,513.8913506231293,4.5314635343331675,17.39036735517375,39.800000000000026,0.0,0.0
200,517.3674626330685,4.535200679280313,17.370752744220933,40.00000000000003,0.0,0.0
201,520.8396557112974,4.538927268362682,17.351178038068994,40.20000000000003,0.0,0.0
202,524.3079378271359,4.542643378554357,17.331643120322596,40.400000000000034,0.0,0.0
203,527.7723169266719,4.5463491556758475,17.312147875037805,40.60000000000004,0.0,0.0
204,531.2328009328485,4.550044676180529,17.292692186719897,40.80000000000004,0.0,0.0
205,534.6893977455511,4.553730016938258,17.27327594032119,41.00000000000004,0.0,0.0
206,538.142115241706,4.557405319728905,17.253899021238887,41.200000000000045,0.0,0.0
207,541.5909612753603,4.561070663487583,17.23456131531291,41.40000000000005,0.0,0.0
208,545.0359436777726,4.564726129013603,17.215262708823776,41.60000000000005,0.0,0.0
209,548.4770702575042,4.568371838031201,17.19600308849047,41.800000000000054,0.0,0.0
210,551.9143488004993,4.572007887964148,17.176782341468332,42.00000000000006,0.0,0.0
211,555.347787070179,4.575634358801814,17.157600355346954,42.20000000000006,0.0,0.0
212,558.7773928075294,4.579251350340248,17.138457018148095,42.40000000000006,0.0,0.0
213,562.2031737311772,4.582858980350103,17.11935221832361,42.600000000000065,0.0,0.0
214,565.625137537485,4.586457328011469,17.100285844753373,42.80000000000007,0.0,0.0
215,569.0432919006344,4.590046469225906,17.081257786743237,43.00000000000007,0.0,0.0
216,572.45764447271,4.593626544050131,17.062267934022987,43.200000000000074,0.0,0.0
217,575.8682028837866,4.597197605567516,17.043316176744316,43.40000000000008,0.0,0.0
218,579.2749747420094,4.600759779578856,17.024402405478803,43.60000000000008,0.0,0.0
219,582.6779676336773,4.604313154598157,17.00552651121591,43.80000000000008,0.0,0.0
220,586.0771891233344,4.607857807697761,16.986688385360985,44.000000000000085,0.0,0.0
221,589.4726467538421,4.61139383798116,16.967887919733293,44.20000000000009,0.0,0.0
222,592.8643480464707,4.614921358970133,16.949125006564028,44.40000000000009,0.0,0.0
223,596.2523005009753,4.618440446890379,16.930399538494356,44.600000000000094,0.0,0.0
224,599.6365115956833,4.6219511719115145,16.911711408573474,44.8000000000001,0.0,0.0
225,603.0169887875672,4.625453674739557,16.893060510256667,45.0000000000001,0.0,0.0
226,606.3937395123321,4.628948022221579,16.874446737403385,45.2000000000001,0.0,0.0
227,609.7667711844988,4.632434278776951,16.85586998427532,45.400000000000105,0.0,0.0
228,613.1360911974807,4.635912589039651,16.83733014553451,45.60000000000011,0.0,0.0
229,616.5017069236601,4.639383016802577,16.818827116241437,45.80000000000011,0.0,0.0
230,619.8636257144681,4.642845629375483,16.800360791853155,46.000000000000114,0.0,0.0
231,623.2218549004756,4.646300557341078,16.781931068221404,46.20000000000012,0.0,0.0
232,626.5764017914553,4.649747876598389,16.763537841590754,46.40000000000012,0.0,0.0
233,629.9272736764724,4.6531876594677195,16.745181008596756,46.60000000000012,0.0,0.0
234,633.2744778239576,4.656620001995377,16.726860466264103,46.800000000000125,0.0,0.0
235,636.6180214817832,4.660045012558895,16.70857611200479,47.00000000000013,0.0,0.0
236,639.9579118773436,4.663462762472223,16.6903278436163,47.20000000000013,0.0,0.0
237,643.2941562176347,4.666873310544559,16.672115559279796,47.400000000000134,0.0,0.0
238,646.6267616893201,4.670276800201396,16.653939157558316,47.600000000000136,0.0,0.0
239,649.9557354588142,4.673673289170212,16.63579853739499,47.80000000000014,0.0,0.0
240,653.281084672366,4.677062833757553,16.617693598111252,48.00000000000014,0.0,0.0
241,656.6028164561176,4.680445577549697,16.599624239405074,48.200000000000145,0.0,0.0
242,659.9209379161948,4.683821576032051,16.58159036134921,48.40000000000015,0.0,0.0
243,663.2354561387692,4.687190894362074,16.563591864389444,48.60000000000015,0.0,0.0
244,666.5463781901417,4.690553642772072,16.54562864934285,48.80000000000015,0.0,0.0
245,669.8537111168152,4.693909907516397,16.527700617396054,49.000000000000156,0.0,0.0
246,673.1574619455641,4.697259729499714,16.509807670103527,49.20000000000016,0.0,0.0
247,676.4576376835139,4.700603251473243,16.491949709385867,49.40000000000016,0.0,0.0
248,679.7542453182068,4.7039405243749135,16.474126637528094,49.600000000000165,0.0,0.0
249,683.0472918176783,4.70727160773833,16.456338357177966,49.80000000000017,0.0,0.0
250,686.3367841305298,4.710596613610573,16.438584771344292,50.00000000000017,0.0,0.0
251,689.622729186005,4.713915620590902,16.420865783395257,50.20000000000017,0.0,0.0
252,692.9051338940517,4.717228691707981,16.40318129705676,50.400000000000176,0.0,0.0
253,696.1840051453983,4.720535889988249,16.38553121641076,50.60000000000018,0.0,0.0
254,699.4593498116301,4.723837339728992,16.367915445893637,50.80000000000018,0.0,0.0
255,702.7311747452477,4.727133091435693,16.350333890294536,51.000000000000185,0.0,0.0
256,705.9994867797541,4.730423188289348,16.33278645475376,51.20000000000019,0.0,0.0
257,709.2642927297056,4.733707770795701,16.315273044761142,51.40000000000019,0.0,0.0
258,712.5255993907958,4.7369868808456745,16.297793566154443,51.60000000000019,0.0,0.0
259,715.7834135399244,4.740260571216019,16.280347925117738,51.800000000000196,0.0,0.0
260,719.0377419352553,4.743528943565592,16.26293602817984,52.0000000000002,0.0,0.0
261,722.2885913162936,4.746792074504422,16.245557782212707,52.2000000000002,0.0,0.0
262,725.5359684039577,4.750050019932944,16.228213094429865,52.400000000000205,0.0,0.0
263,728.7798799006378,4.753302823310759,16.21090187238486,52.60000000000021,0.0,0.0
264,732.0203324902723,4.756550614897236,16.193624023969676,52.80000000000021,0.0,0.0
265,735.2573328384096,4.759793431379644,16.17637945741321,53.00000000000021,0.0,0.0
266,738.4908875922774,4.763031305227824,16.159168081279716,53.200000000000216,0.0,0.0
267,741.7210033808515,4.76626437192829,16.141989804467283,53.40000000000022,0.0,0.0
268,744.9476868149177,4.769492662891385,16.124844536206307,53.60000000000022,0.0,0.0
269,748.1709444871449,4.772716227234636,16.107732186057977,53.800000000000225,0.0,0.0
270,751.3907829721429,4.775935135966643,16.09065266391277,54.00000000000023,0.0,0.0
271,754.6072088265319,4.779149479211739,16.073605879988957,54.20000000000023,0.0,0.0
272,757.8202285890147,4.782359266411082,16.0565917448311,54.40000000000023,0.0,0.0
273,761.0298487804284,4.785564610034042,16.03961016930858,54.600000000000236,0.0,0.0
274,764.2360759038202,4.788765552347114,16.022661064614127,54.80000000000024,0.0,0.0
275,767.4389164445092,4.791962135732035,16.005744342262343,55.00000000000024,0.0,0.0
276,770.6383768701453,4.7951544010274105,15.988859914088252,55.200000000000244,0.0,0.0
277,773.8344636307775,4.798342455019478,15.972007692245848,55.40000000000025,0.0,0.0
278,777.0271831589234,4.801526320508313,15.955187589206652,55.60000000000025,0.0,0.0
279,780.2165418696204,4.804706009858171,15.938399517758281,55.80000000000025,0.0,0.0
280,783.4025461604979,4.8078816504159505,15.921643391003016,56.000000000000256,0.0,0.0
281,786.5852024118321,4.811053251711859,15.904919122356388,56.20000000000026,0.0,0.0
282,789.7645169866228,4.814220844412593,15.888226625545764,56.40000000000026,0.0,0.0
283,792.9404962306398,4.8173844806831685,15.871565814608946,56.600000000000264,0.0,0.0
284,796.1131464724895,4.820544236092132,15.854936603892774,56.80000000000027,0.0,0.0
285,799.2824740236829,4.823700127821869,15.838338908051737,57.00000000000027,0.0,0.0
286,802.448485178691,4.826852154004977,15.821772642046595,57.20000000000027,0.0,0.0
287,805.6111862150101,4.830000434038916,15.805237721142998,57.400000000000276,0.0,0.0
288,808.7705833932159,4.833144962396752,15.78873406091013,57.60000000000028,0.0,0.0
289,811.9266829570297,4.8362857505644685,15.772261577219345,57.80000000000028,0.0,0.0
290,815.079491133376,4.839422852246325,15.755820186242813,58.000000000000284,0.0,0.0
291,818.2290141324447,4.842556315782933,15.739409804452183,58.20000000000029,0.0,0.0
292,821.3752581477529,4.8456861471566794,15.72303034861724,58.40000000000029,0.0,0.0
293,824.5182293561957,4.848812326763492,15.706681735804574,58.60000000000029,0.0,0.0
294,827.6579339181153,4.851934963029567,15.690363883376268,58.800000000000296,0.0,0.0
295,830.7943779773523,4.855054031603385,15.674076708988567,59.0000000000003,0.0,0.0
296,833.9275676613106,4.8581695236964295,15.657820130590581,59.2000000000003,0.0,0.0
297,837.0575090810125,4.861281482638094,15.641594066422979,59.400000000000304,0.0,0.0
298,840.1842083311567,4.864389933810531,15.625398435016695,59.60000000000031,0.0,0.0
299,843.3076714901763,4.867494864997366,15.60923315519164,59.80000000000031,0.0,0.0
300,846.427904620301,4.870596234291075,15.593098146055421,60.00000000000031,0.0,0.0
301,849.5449137676078,4.873694135101215,15.576993327002066,60.200000000000315,0.0,0.0
302,852.6587049620794,4.876788514150154,15.56091861771076,60.40000000000032,0.0,0.0
303,855.7692842176657,4.879879333789671,15.544873938144578,60.60000000000032,0.0,0.0
304,858.8766575323352,4.882966663877885,15.52885920854924,60.800000000000324,0.0,0.0
305,861.9808308881366,4.886050449461404,15.512874349451856,61.00000000000033,0.0,0.0
306,865.0818102512494,4.8891306355014335,15.496919281659686,61.20000000000033,0.0,0.0
307,868.1796015720429,4.892207266250769,15.480993926258911,61.40000000000033,0.0,0.0
308,871.2730347851284,4.895280300235306,15.453338204613402,61.600000000000335,0.0,0.0
309,874.360941994506,4.605441959723512,15.42573388915853,61.80000000000034,0.0,0.0
310,877.4433334648529,4.610964207343194,15.39818081432333,62.00000000000034,0.0,0.0
311,880.5202194278099,4.616486435099731,15.370678815234367,62.200000000000344,0.0,0.0
312,883.591610082105,4.622008764274787,15.34322772771203,62.40000000000035,0.0,0.0
313,886.6575155937026,4.6275313310403625,15.315827388266872,62.60000000000035,0.0,0.0
314,889.7179460959378,4.63305435342622,15.288477634095967,62.80000000000035,0.0,0.0
315,892.7729116896553,4.638578003322619,15.26117830307929,63.000000000000355,0.0,0.0
316,895.8224224433397,4.64410242504298,15.233929233776117,63.20000000000036,0.0,0.0
317,898.8664883932579,4.6496277236492505,15.206730265421447,63.40000000000036,0.0,0.0
318,901.9051195435932,4.655154170858158,15.179581237922456,63.600000000000364,0.0,0.0
319,904.9383258665694,4.660681866887611,15.152481991854966,63.80000000000037,0.0,0.0
320,907.9661173025997,4.666210943542943,15.125432368459931,64.00000000000037,0.0,0.0
321,910.9885037604108,4.671741557445614,15.09843220963996,64.20000000000037,0.0,0.0
322,914.0054951171696,4.677273907811894,15.071481357955843,64.40000000000038,0.0,0.0
323,917.0171012186293,4.682808102077231,15.04457965662312,64.60000000000038,0.0,0.0
324,920.0233318792416,4.6883442276195275,15.017726949508647,64.80000000000038,0.0,0.0
325,923.0241968823066,4.693882519746025,14.99092308112721,65.00000000000038,0.0,0.0
326,926.0197059800848,4.699423073379226,14.96416789663814,65.20000000000039,0.0,0.0
327,929.0098688939324,4.70496601035244,14.937461241841953,65.40000000000039,0.0,0.0
328,931.9946953144354,4.710511392884543,14.910802963177023,65.60000000000039,0.0,0.0
329,934.9741949015261,4.716059466140006,14.884192907716258,65.8000000000004,0.0,0.0
330,937.9483772846143,4.7216102794880825,14.85763092316381,66.0000000000004,0.0,0.0
331,940.9172520627144,4.727163892848735,14.831116857851802,66.2000000000004,0.0,0.0
332,943.880828804573,4.732720527181348,14.804650560737068,66.4000000000004,0.0,0.0
333,946.8391170487848,4.738280223771718,14.778231881397927,66.6000000000004,0.0,0.0
334,949.792126303928,4.743843045853325,14.751860670030965,66.80000000000041,0.0,0.0
335,952.739866048676,4.749409111403222,14.72553677744784,67.00000000000041,0.0,0.0
336,955.6823457319297,4.754978541318997,14.699260055072113,67.20000000000041,0.0,0.0
337,958.6195747729289,4.760551377928967,14.67303035493609,67.40000000000042,0.0,0.0
338,961.5515625613916,4.766127632423543,14.64684752967769,67.60000000000042,0.0,0.0
339,964.4783184576117,4.771707474824905,14.620711432537323,67.80000000000042,0.0,0.0
340,967.3998517926011,4.777290922900236,14.594621917354804,68.00000000000043,0.0,0.0
341,970.3161718681949,4.782878014461542,14.568578838566266,68.20000000000043,0.0,0.0
342,973.2272879571719,4.788468717467632,14.542582051201107,68.40000000000043,0.0,0.0
343,976.1332093033816,4.794063206337623,14.51663141087895,68.60000000000043,0.0,0.0
344,979.0339451218497,4.799661432361288,14.490726773806623,68.80000000000044,0.0,0.0
345,981.9295045989093,4.805263396579808,14.46486799677515,69.00000000000044,0.0,0.0
346,984.8198968923025,4.810869063641333,14.439054937156774,69.20000000000044,0.0,0.0
347,987.705131131308,4.816478539441719,14.413287452901992,69.40000000000045,0.0,0.0
348,990.5852164168537,4.822091744218512,14.387565402536602,69.60000000000045,0.0,0.0
349,993.460161821622,4.827708615681199,14.361888645158775,69.80000000000045,0.0,0.0
350,996.3299763901814,4.833329134807427,14.336257040436147,70.00000000000045,0.0,0.0
351,999.194669139084,4.838953303905722,14.310670448602918,70.20000000000046,0.0,0.0
352,1002.0542490569896,4.844581012724572,14.285128730456984,70.40000000000046,0.0,0.0
353,1004.9087251047713,4.850212128004172,14.25963174735707,70.60000000000046,0.0,0.0
354,1007.7581062156278,4.855846634054177,14.234179361219892,70.80000000000047,0.0,0.0
355,1010.6024012952003,4.861484423831912,14.208771434517336,71.00000000000047,0.0,0.0
356,1013.4416192216777,4.867125345004239,14.183407830273644,71.20000000000047,0.0,0.0
357,1016.2757688459096,4.872769183990768,14.15808841206263,71.40000000000047,0.0,0.0
358,1019.1048589915154,4.878415912812462,14.132813044004902,71.60000000000048,0.0,0.0
359,1021.928898454993,4.884065307824941,14.107581590765106,71.80000000000048,0.0,0.0
360,1024.7478960058252,4.8897170973329755,14.082393917549188,72.00000000000048,0.0,0.0
361,1027.5618603865914,4.895371166582333,14.057249890101673,72.20000000000049,0.0,0.0
362,1030.3708003130705,4.901027264006726,14.032149374702948,72.40000000000049,0.0,0.0
363,1033.1747244743565,4.90668510623172,14.007092238166585,72.60000000000049,0.0,0.0
364,1035.9736415329571,4.912344332738209,13.982078347836653,72.8000000000005,0.0,0.0
365,1038.7675601248993,4.9180047780006975,13.957107571585071,73.0000000000005,0.0,0.0
366,1041.5564888598383,4.923666059326108,13.932179777808956,73.2000000000005,0.0,0.0
367,1044.340436321163,4.929327803926457,13.907294835428004,73.4000000000005,0.0,0.0
368,1047.1194110660945,4.9349895336716125,13.882452613881872,73.6000000000005,0.0,0.0
369,1049.8934216257949,4.9406510058482445,13.857652983127588,73.80000000000051,0.0,0.0
370,1052.662476505473,4.94631169300904,13.83289581363697,74.00000000000051,0.0,0.0
371,1055.4265841844754,4.951971108700243,13.808180976394057,74.20000000000051,0.0,0.0
372,1058.1857531164023,4.957628636851821,13.783508342892567,74.40000000000052,0.0,0.0
373,1060.9399917292067,4.963283925087598,13.758877785133357,74.60000000000052,0.0,0.0
374,1063.6893084252806,4.968936284270378,13.73428917562191,74.80000000000052,0.0,0.0
375,1066.4337115815797,4.974585084390446,13.709742387365823,75.00000000000053,0.0,0.0
376,1069.1732095497027,4.980229547887197,13.685237293872325,75.20000000000053,0.0,0.0
377,1071.9078106560046,4.9858691678722105,13.660773769145798,75.40000000000053,0.0,0.0
378,1074.6375232016871,4.9915030771448095,13.636351687685325,75.60000000000053,0.0,0.0
379,1077.3623554629048,4.99713046356175,13.611970924482232,75.80000000000054,0.0,0.0
380,1080.0823156908555,5.002750352419218,13.58763135501767,76.00000000000054,0.0,0.0
381,1082.7974121118823,5.008362045863518,13.56333285526019,76.20000000000054,0.0,0.0
382,1085.5076529275757,5.013964458893109,13.539075301663349,76.40000000000055,0.0,0.0
383,1088.213046314857,5.019556555637924,13.514858571163312,76.60000000000055,0.0,0.0
384,1090.9136004260909,5.025137125253845,13.49068254117649,76.80000000000055,0.0,0.0
385,1093.6093233891697,5.030705217009111,13.46654708959717,77.00000000000055,0.0,0.0
386,1096.3002233076077,5.03625949471924,13.442452094795176,77.20000000000056,0.0,0.0
387,1098.9863082606498,5.041798641270369,13.41839743561353,77.40000000000056,0.0,0.0
388,1101.6675863033488,5.047321159616227,13.394382991366143,77.60000000000056,0.0,0.0
389,1104.3440654666701,5.052825771947277,13.370408641835503,77.80000000000057,0.0,0.0
390,1107.0157537575797,5.058310845257555,13.346474267270384,78.00000000000057,0.0,0.0
391,1109.6826591591453,5.063774709997561,13.322579748383573,78.20000000000057,0.0,0.0
392,1112.344789630617,5.069215518589918,13.2987249663496,78.40000000000057,0.0,0.0
393,1115.0021531075326,5.074631576035077,13.274909802802487,78.60000000000058,0.0,0.0
394,1117.6547575017976,5.080020891028786,13.251134139833516,78.80000000000058,0.0,0.0
395,1120.3026107017795,5.085381301025981,13.227397859988995,79.00000000000058,0.0,0.0
396,1122.9457205724066,5.090710623818471,13.203700846268054,79.20000000000059,0.0,0.0
397,1125.584094955244,5.096006649750985,13.18004298212044,79.40000000000059,0.0,0.0
398,1128.217741668599,5.101266830458588,13.156424151444332,79.60000000000059,0.0,0.0
399,1130.8466685076019,5.106488529137518,13.132844238584168,79.8000000000006,0.0,0.0
400,1133.470883244292,5.111668924112537,13.10930312832848,80.0000000000006,0.0,0.0
401,1136.0903936277173,5.116805297074935,13.085800705907756,80.2000000000006,0.0,0.0
402,1138.705207384006,5.121894438772748,13.062336856992289,80.4000000000006,0.0,0.0
403,1141.3153322164726,5.126933073730668,13.038911467690061,80.6000000000006,0.0,0.0
404,1143.9207758056946,5.131917579130113,13.015524424544635,80.80000000000061,0.0,0.0
405,1146.5215458096027,5.136844589969004,12.992175614533046,81.00000000000061,0.0,0.0
406,1149.1176498635614,5.141710064700281,12.968864925063722,81.20000000000061,0.0,0.0
407,1151.709095580467,5.1465098840799675,12.945592243974401,81.40000000000062,0.0,0.0
408,1154.2958905508167,5.1512395343916095,12.922357459530078,81.60000000000062,0.0,0.0
409,1156.8780423428107,5.15589467452918,12.899160460420942,81.80000000000062,0.0,0.0
410,1159.4555585024282,5.160470286483665,12.876001135760347,82.00000000000063,0.0,0.0
411,1162.0284465535115,5.164961161540645,12.852879375082773,82.20000000000063,0.0,0.0
412,1164.596713997853,5.169361684571714,12.82979506834182,82.40000000000063,0.0,0.0
413,1167.160368315279,5.173666161750677,12.806748105908195,82.60000000000063,0.0,0.0
414,1169.719416963726,5.177868426929128,12.783738378567723,82.80000000000064,0.0,0.0
415,1172.2738673793356,5.181961839178929,12.760765777519364,83.00000000000064,0.0,0.0
416,1174.8237269765232,5.185939366894445,12.737830194373243,83.20000000000064,0.0,0.0
417,1177.3690031480764,5.18979357375737,12.714931521148692,83.40000000000065,0.0,0.0
418,1179.909703265217,5.193516806488383,12.692069650272296,83.60000000000065,0.0,0.0
419,1182.4458346777028,5.197100571701088,12.669244474575962,83.80000000000065,0.0,0.0
420,1184.977404713889,5.200535983401323,12.646455887294987,84.00000000000065,0.0,0.0
421,1187.5044206808234,5.203813389092939,12.623703782066151,84.20000000000066,0.0,0.0
422,1190.0268898643226,5.2069231423200115,12.600988052925807,84.40000000000066,0.0,0.0
423,1192.5448195290446,5.20985434655689,12.578308594307986,84.60000000000066,0.0,0.0
424,1195.05821691858,5.212595613947678,12.555665301042518,84.80000000000067,0.0,0.0
425,1197.5670892555208,5.2151346655649045,12.533058068353162,85.00000000000067,0.0,0.0
426,1200.0714437415409,5.217458797987972,12.510486791855737,85.20000000000067,0.0,0.0
427,1202.5712875574827,5.219554223064374,12.487951367556276,85.40000000000067,0.0,0.0
428,1205.0666278634235,5.221406141909083,12.465451691849186,85.60000000000068,0.0,0.0
429,1207.5574717987583,5.222998697248639,12.442987661515415,85.80000000000068,0.0,0.0
430,1210.0438264822806,5.224315519146875,12.420559173720637,86.00000000000068,0.0,0.0
431,1212.5256990122543,5.225338486981425,12.398166126013436,86.20000000000068,0.0,0.0
432,1215.0030964664875,5.226048444828621,12.375808416323512,86.40000000000069,0.0,0.0
433,1217.4760259024151,5.226424698194305,12.353485942959887,86.60000000000069,0.0,0.0
434,1219.9444943571725,5.226445631801273,12.331198604609131,86.8000000000007,0.0,0.0
435,1222.4085088476677,5.2262218814105506,12.30894630033359,87.0000000000007,0.0,0.0
436,1224.868076370658,5.22592886182063,12.286728929569625,87.2000000000007,0.0,0.0
437,1227.3232039028262,5.225552798002569,12.264546392125865,87.4000000000007,0.0,0.0
438,1229.7738984008574,5.2250919369270425,12.242398588181468,87.6000000000007,0.0,0.0
439,1232.220166801504,5.224543860508089,12.220285418284387,87.80000000000071,0.0,0.0
440,1234.6620160216662,5.22391579156092,12.198206783349656,88.00000000000071,0.0,0.0
441,1237.0994529584677,5.223225135960637,12.176162584657673,88.20000000000071,0.0,0.0
442,1239.5324844893184,5.222484731431062,12.154152723852501,88.40000000000072,0.0,0.0
443,1241.9611174719976,5.22172658711182,12.13217710294018,88.60000000000072,0.0,0.0
444,1244.3853587447193,5.2209066556198716,12.110235624287037,88.80000000000072,0.0,0.0
445,1246.805215126209,5.220022061238614,12.088328190618023,89.00000000000072,0.0,0.0
446,1249.220693415773,5.219068782217596,12.06645470501504,89.20000000000073,0.0,0.0
447,1251.6318003933666,5.218043025265075,12.04461507091529,89.40000000000073,0.0,0.0
448,1254.0385428196678,5.21696438060489,12.022809192109634,89.60000000000073,0.0,0.0
449,1256.4409274361533,5.215858886438598,12.001036972740946,89.80000000000074,0.0,0.0
450,1258.8389609651567,5.214673987318794,11.9792983173025,90.00000000000074,0.0,0.0
451,1261.2326501099524,5.213404596335342,11.957593130636338,90.20000000000074,0.0,0.0
452,1263.6220015548097,5.212045671096596,11.935921317931669,90.40000000000074,0.0,0.0
453,1266.0070219650734,5.210617189550239,11.914282784723266,90.60000000000075,0.0,0.0
454,1268.387717987236,5.209165055979723,11.892677436889876,90.80000000000075,0.0,0.0
455,1270.7640962489895,5.207613480204433,11.871105180652636,91.00000000000075,0.0,0.0
456,1273.1361633593115,5.205954595642226,11.849565922573497,91.20000000000076,0.0,0.0
457,1275.5039259085243,5.204181078747157,11.828059569553664,91.40000000000076,0.0,0.0
458,1277.8673904683637,5.202392000176537,11.806586028832035,91.60000000000076,0.0,0.0
459,1280.2265635920448,5.200508254369803,11.785145207983653,91.80000000000076,0.0,0.0
460,1282.5814518143343,5.198494741149548,11.763737014918172,92.00000000000077,0.0,0.0
461,1284.9320616516125,5.196339802446138,11.742361357878316,92.20000000000077,0.0,0.0
462,1287.2783996019425,5.194171770108719,11.721018145438363,92.40000000000077,0.0,0.0
463,1289.6204721451359,5.1918898992822085,11.699707286502626,92.60000000000078,0.0,0.0
464,1291.9582857428177,5.1894454508333645,11.678428690303955,92.80000000000078,0.0,0.0
465,1294.2918468384887,5.186854874532653,11.657182266402229,93.00000000000078,0.0,0.0
466,1296.621161857598,5.184271544186765,11.635967924682872,93.20000000000078,0.0,0.0
467,1298.9462372076014,5.181498214061626,11.614785575355366,93.40000000000079,0.0,0.0
468,1301.2670792780336,5.175239992503296,11.593635128951787,93.60000000000079,0.0,0.0
469,1303.58369444056,4.917448408654015,11.572516496325326,93.8000000000008,0.0,0.0
470,1305.8966770490588,4.660126258371588,11.557309588648844,94.0000000000008,0.0,0.0
471,1308.2066205579067,4.41790750313562,11.542125499822442,94.2000000000008,0.0,0.0
472,1310.5135295253313,4.1613041603888155,11.526964174423794,94.4000000000008,0.0,0.0
473,1312.817408498493,3.905037850355465,11.511825557208969,94.6000000000008,0.0,0.0
474,1315.118262013526,3.6491080682414654,11.496709593111708,94.80000000000081,0.0,0.0
475,1317.4160945955628,3.393514310476201,11.481616227242718,95.00000000000081,0.0,0.0
476,1319.7109107587748,3.13825607470946,11.46654540488895,95.20000000000081,0.0,0.0
477,1322.002715006416,2.8833328598072487,11.451497071512906,95.40000000000082,0.0,0.0
478,1324.291511830841,2.6287441658470043,11.436471172751913,95.60000000000082,0.0,0.0
479,1326.5773057135593,2.374489494115155,11.421467654417444,95.80000000000082,0.0,0.0
480,1328.8601011252504,2.120568347101704,11.406486462494406,96.00000000000082,0.0,0.0
481,1331.1399025258143,1.8669802284979171,11.391527543140452,96.20000000000083,0.0,0.0
482,1333.4189990986051,1.6137246431913124,11.399438184754704,96.40000000000083,2.528420352137604,0.09558215737342834
483,1335.7004174807298,1.3698745143927813,11.414745636508414,96.60000000000083,3.3506197677411977,0.08413073420524597
484,1337.9846208001654,1.1406013199783676,11.42728755784463,96.80000000000084,3.050968075324994,0.1140933632850647
485,1340.272566019201,0.8649058105685112,11.452164632504799,97.00000000000084,4.4257565408163995,0.08573001623153687
486,1342.5647912657041,0.6557092319567595,11.470087832519562,97.20000000000084,3.665859903175916,0.02659696340560913
487,1344.854545925984,0.4131993777002982,11.427458770284215,97.40000000000084,0.0,-0.5329229651521591
488,1347.1359396841726,0.2871615018783569,11.386478811601428,97.60000000000085,0.0,-0.538967041498566
489,1349.4094383355114,3.2532890297687245,11.348507701790183,97.80000000000085,0.0,-0.5453788949433374
490,1351.6759391442247,3.2857592559539466,11.316500385359905,98.00000000000085,0.0,-0.552311547431278
491,1353.9330615511499,3.3596141172500382,11.25472368388779,98.20000000000086,0.0,-0.5600884888676587
492,1356.1758096534286,2.9357478675367576,11.172757338899324,98.40000000000086,0.0,-0.5651479684995554
493,1358.400781725697,2.6454011541381304,11.076963383788526,98.60000000000086,0.0,-0.5683197215476935
494,1360.6056329125204,2.4426631591600683,10.971548484451093,98.80000000000086,0.0,-0.5701673291575156
495,1362.7887138468614,2.2971783065833375,10.859260858944287,99.00000000000087,0.0,-0.5710688316328485
496,1364.948851327772,2.188683889132445,10.742113950146441,99.20000000000087,0.0,-0.5712725361625259
497,1367.0852202997994,2.1069603247342896,10.621575770112992,99.40000000000087,0.0,-0.5709633865332021
498,1369.1972491728375,2.0445210468882187,10.498712960260693,99.60000000000088,0.0,-0.5702781332688072
499,1371.28455039471,1.9959277188478597,10.374299258466017,99.80000000000088,0.0,-0.5693173638151285
500,1373.346869970268,1.9572620235731588,10.24889649712127,100.00000000000088,0.0,-0.5681548551620748
501,1375.3840509050278,1.9257245677180272,10.122912850465507,100.20000000000088,0.0,-0.5668447432644629
502,1377.3960066797626,1.8993107643477878,9.996644896867918,100.40000000000089,0.0,-0.5654267576600676
503,1379.3827019778691,1.876583928801079,9.870308084207187,100.60000000000089,0.0,-0.5639300524124937
504,1381.3441386699815,1.8565131037359552,9.744058836899322,100.80000000000089,0.0,-0.562376014386145
505,1383.280345614683,1.8383583410650541,9.618010610123676,101.0000000000009,0.0,-0.5607803235668466
506,1385.1913712314927,1.8215883599777494,9.492245557990234,101.2000000000009,0.0,-0.559154464461059
507,1387.0772780893822,1.8058227565675489,9.366823020907319,101.4000000000009,0.0,-0.5575068350145057
508,1388.9381389618939,1.7907886787711105,9.241785704207652,101.6000000000009,0.0,-0.5558435605171114
509,1390.774033950267,1.7762900648266096,9.117164179539019,101.8000000000009,0.0,-0.5541690912464626
510,1392.5850483849026,1.7621871595451901,8.992980166814695,102.00000000000091,0.0,-0.5524866415255858
511,1394.3712712944725,1.7483799477523718,8.869248928894981,102.20000000000091,0.0,-0.5507985124387879
512,1396.132794289384,1.7347976007697505,8.745981020218515,102.40000000000092,0.0,-0.5491063291524986
513,1397.8697107478765,1.7213901793814284,8.623183564688542,102.60000000000092,0.0,-0.547411215519672
514,1399.5821152233766,1.7081226832035157,8.500861190311488,102.80000000000092,0.0,-0.5457139225927841
515,1401.2701030137468,1.6949714931530002,8.37901671338213,103.00000000000092,0.0,-0.5440149232393087
516,1402.9337698490635,1.6819203794533946,8.257651639800352,103.20000000000093,0.0,-0.5423144818077442
517,1404.5732116663203,1.668959647715113,8.136766532778488,103.40000000000093,0.0,-0.5406127054138253
518,1406.1885244478835,1.6560831982416329,8.01636128286686,103.60000000000093,0.0,-0.538909581673859
519,1407.7798041068236,1.6432886867816083,7.896435306520444,103.80000000000094,0.0,-0.5372050064326901
520,1409.3471464067115,1.6305758133177488,7.776987692360139,104.00000000000094,0.0,-0.5354988040960083
521,1410.8906469068606,1.617946259136138,7.658017309129086,104.20000000000094,0.0,-0.5337907424868551
522,1412.410400926332,1.6054032344236786,7.539522885585552,104.40000000000094,0.0,-0.5320805436402547
523,1413.9065035218737,1.5929508112777768,7.421503069830373,104.60000000000095,0.0,-0.5303678915765533
524,1415.3790494762143,1.580594596021698,7.303956473562996,104.80000000000095,0.0,-0.5286524378204177
525,1416.8281332941006,1.5683402950342729,7.186881705295647,105.00000000000095,0.0,-0.5269338052298702
526,1418.2538492041786,1.5561953537706035,7.070277395483993,105.20000000000095,0.0,-0.5252115905507849
527,1419.6562911653018,1.5441669786309913,6.954142215748912,105.40000000000096,0.0,-0.5234853660021819
528,1421.0355528762557,1.5322640127402927,6.838474893790081,105.60000000000096,0.0,-0.5217546801158619
529,1422.391727788152,1.5204954201690766,6.72327422517165,105.80000000000096,0.0,-0.5200190579937349
530,1423.724909118955,1.5088714156849157,6.608539082852205,106.00000000000097,0.0,-0.5182780011010875
531,1425.0351898697518,1.4974029027920983,6.494268425105307,106.20000000000097,0.0,-0.5165309866804669
532,1426.3226628424927,1.4861016804413085,6.380461302311408,106.40000000000097,0.0,-0.5147774668455933
533,1427.5874206590233,1.4749806157805152,6.267116862980564,106.60000000000097,0.0,-0.5130168673956824
534,1428.829555781249,1.4640520832894526,6.154234359276623,106.80000000000098,0.0,-0.5112485863759326
535,1430.0491605324023,1.453332998827278,6.04181315224865,107.00000000000098,0.0,-0.509471992398125
536,1431.2463271193192,1.4428400768928844,5.929852716928138,107.20000000000098,0.0,-0.5076864227271409
537,1432.4211476557539,1.4325924805318015,5.818352647416348,107.40000000000099,0.0,-0.5058911811304815
538,1433.573714186703,1.4226097497995023,5.707312662061587,107.60000000000099,0.0,-0.5040855354828367
539,1434.704118713791,1.4129151246780205,5.596732608808938,107.80000000000099,0.0,-0.5022687151109237
540,1435.8124532217516,1.4035325419759583,5.4866124707930455,108.000000000001,0.0,-0.5004399078595134
541,1436.8988097060537,1.3944902961120444,5.376952372236768,108.200000000001,0.0,-0.4985982568539227
542,1437.9632802017477,1.3858182559618102,5.26775258471388,108.400000000001,0.0,-0.49674285692906683
543,1439.005956813602,1.3775513151787322,5.159013533831873,108.600000000001,0.0,-0.49487275068978526
544,1440.0269317476232,1.3697271822141708,5.050735806390757,108.800000000001,0.0,-0.4929869241609523
545,1441.0262973440695,1.3623895988757402,4.942920158075308,109.00000000000101,0.0,-0.49108430197928665
546,1442.0041461120527,1.3555868210504531,4.835567521741214,109.20000000000101,0.0,-0.48916374207140695
547,1442.960570765863,1.3493746675815208,4.728679016359942,109.40000000000101,0.0,-0.4872240297533898
548,1443.8956642631674,1.3438158648469953,4.6222559566928085,109.60000000000102,0.0,-0.4852638711776737
549,1444.8095198452138,1.3389830301798211,4.516299863771677,109.80000000000102,0.0,-0.48328188604150435
550,1445.70223107922,1.3349592069184533,4.410812476272106,110.00000000000102,0.0,-0.4812765994567872
551,1446.5738919031355,1.3318409375903333,4.305795762874561,110.20000000000103,0.0,-0.4792464328658338
552,1447.424596672994,1.3297404945828388,4.201251935720864,110.40000000000103,0.0,-0.4771896938682482
553,1448.2544402130734,1.328787937096434,4.097183465086414,110.60000000000103,0.0,-0.47510456480202085
554,1449.0635178691227,1.3291361110389195,3.993593095404276,110.80000000000103,0.0,-0.47298908989460736
555,1449.8519255649444,1.3309724750326681,3.890483862795341,111.00000000000104,0.0,-0.4708411607680952
556,1450.6197598626532,1.3345189194140727,3.787859114279731,111.20000000000104,0.0,-0.46865850004421405
557,1451.3671180269666,1.3400428762950687,3.685722528869097,111.40000000000104,0.0,-0.4664386427488868
558,1452.0940980939304,1.3478712321218873,3.58407814076799,111.60000000000105,0.0,-0.4641789151599767
559,1452.8007989445032,1.358407271682441,3.4829303649458967,111.80000000000105,0.0,-0.46187641067438046
560,1453.487320383534,1.372154816884452,3.3822840253806974,112.00000000000105,0.0,-0.4595279621871612
561,1454.1537632247055,1.3684458673428204,3.2821443863204074,112.20000000000105,0.0,-0.45713011037585166
562,1454.8002293820355,1.2944644881259564,3.1825171869645015,112.40000000000106,0.0,-0.45467906715830153
563,1455.4268219687365,1.2226904927415803,3.083408680030606,112.60000000000106,0.0,-0.45217067343675654
564,1456.0336454042153,1.1531116284135121,2.9848256747491018,112.80000000000106,0.0,-0.44960035005444443
565,1456.6208055301831,1.0857153946887894,2.886775584919714,113.00000000000107,0.0,-0.4469630406492681
566,1457.1884097369511,1.020489014620083,2.789266482773882,113.20000000000107,0.0,-0.4442531447933222
567,1457.7365671011794,0.9574194018147066,2.6923071595188817,113.40000000000107,0.0,-0.44146443942990704
568,1458.2653885364925,0.8964931225570655,2.595907193599247,113.60000000000107,0.0,-0.43858998614432787
569,1458.7749869586441,0.8376963519967365,2.500077027904947,113.80000000000108,0.0,-0.4356220211948734
570,1459.2654774671755,0.7810148231795643,2.404828057392286,114.00000000000108,0.0,-0.4325518244521453
571,1459.7369775458028,0.7264337673701599,2.3101727288734843,114.20000000000108,0.0,-0.42936956238794105
572,1460.1896072841992,0.6739378436970118,2.2161246550881977,114.40000000000109,0.0,-0.42606409894428926
573,1460.6234896242677,0.6235110556535626,2.1226987456129978,114.60000000000109,0.0,-0.4226227664039119
574,1461.0387506346015,0.5751366512611317,2.0299113577163905,114.80000000000109,0.0,-0.4190310861264972
575,1461.4355198174671,0.5287970028109273,1.937780470958052,115.0000000000011,0.0,-0.415272426026805
576,1461.8139304535835,0.4844734608424069,1.8463258902023625,115.2000000000011,0.0,-0.4113275776720251
577,1462.1741199908865,0.442146175437681,1.7555694828217174,115.4000000000011,0.0,-0.40717423050815355
578,1462.5162304848964,0.4017938755932759,1.665535457276736,115.6000000000011,0.0,-0.402786313432904
579,1462.8404090998301,0.36339359453216963,1.5762506920752866,115.8000000000011,0.0,-0.39813316400805404
580,1463.1468086816822,0.32692032457384707,1.4877451264620318,116.00000000000111,0.0,-0.3931784719556967
581,1463.4355884170545,0.29234657953434645,1.4000522272540656,116.20000000000111,0.0,-0.38787892475021196
582,1463.706914594808,0.25964183468304375,1.3132095502637,116.40000000000111,0.0,-0.38218245699616943
583,1463.9609614918409,0.2287718032671072,1.227259420076913,116.60000000000112,0.0,-0.37602596898466273
584,1464.197912409756,0.1996974932642197,1.1422497590602627,116.80000000000112,0.0,-0.36933232946328726
585,1464.4179608962622,0.17237396666292581,1.0582351060120752,117.00000000000112,0.0,-0.3620064083279774
586,1464.621312194642,0.14674869417999611,0.9752778777820723,117.20000000000113,0.0,-0.3539297912897891
587,1464.8081849768969,0.12275935899899577,0.8934499447528574,117.40000000000113,0.0,-0.34495370713900525
588,1464.9788134328846,0.10033091245379296,0.8128346151068109,117.60000000000113,0.0,-0.3348895542952968
589,1465.1334498099714,0.07937162715857139,0.7335291557563305,117.80000000000113,0.0,-0.3234962801078431
590,1465.272367527843,0.05976784612586506,0.6556480229562454,118.00000000000114,0.0,-0.31046385341327265
591,1465.3958650338354,0.04137714716887958,0.5793270369687283,118.20000000000114,0.0,-0.29539248621774655
592,1465.5042706192216,0.024019885491576815,0.504728816892852,118.40000000000114,0.0,-0.2777689047645225
593,1465.5979484905074,0.007469944501363059,0.43204989597184307,118.60000000000115,0.0,-0.25694581406700856
594,1465.6773064858753,-0.008552005326766523,0.3615300577088701,118.80000000000115,0.0,-0.23214328040312818
595,1465.7428059452432,-0.02437312055350518,0.29346453597420097,119.00000000000115,0.0,-0.20252031247283264
596,1465.794974369248,-0.040326530906222666,0.22821970405998895,119.20000000000115,0.0,-0.16742500901892168
597,1465.834421585234,-0.05661894963270784,0.16625245580836728,119.40000000000116,0.0,-0.12701883449931858
598,1465.861860026067,-0.07301110174199722,0.10813195251193161,119.60000000000116,0.0,-0.08346462037749482
599,1465.8781290384723,-0.0882200620542995,0.054558171556978376,119.80000000000116,0.0,-0.04232127320262209
600,1465.8842210201292,-0.09923259785208673,0.006361645021137653,120.00000000000117,0.0,-0.012212072696919575
601,1465.8813020891648,-0.10152094891168977,-0.0355509546510301,120.20000000000117,0.0,-0.00017477493505351117
