s,sr,t,tr,sl,gd,nsl,nsld,un
20103.0,1466.0,121.00000000000118,121.0,15.277777777777777,2,22.22222222222222,20283,1
20103.003209924,1466.0,121.00000000000118,120.8,15.277777777777777,2,22.22222222222222,20283,1
20103.01550494916,1465.98,121.00000000000118,120.6,15.277777777777777,2,22.22222222222222,20283,1
20103.04132549473,1465.96,121.00000000000118,120.4,15.277777777777777,2,22.22222222222222,20283,1
20103.08362846373,1465.92,121.00000000000118,120.2,15.277777777777777,2,22.22222222222222,20283,1
20103.147048335442,1465.85,121.00000000000118,120.0,15.277777777777777,2,22.22222222222222,20283,1
20103.237336629776,1465.76,121.00000000000118,119.8,15.277777777777777,2,22.22222222222222,20283,1
20103.358321470547,1465.64,121.00000000000118,119.6,15.277777777777777,2,22.22222222222222,20283,1
20103.512548471645,1465.49,121.00000000000118,119.4,15.277777777777777,2,22.22222222222222,20283,1
20103.7017079931,1465.3,121.00000000000118,119.2,15.277777777777777,2,22.22222222222222,20283,1
20103.926919983136,1465.07,121.00000000000118,119.0,15.277777777777777,2,22.22222222222222,20283,1
20104.1889238786,1464.81,121.00000000000118,118.8,15.277777777777777,2,22.22222222222222,20283,1
20104.488205210295,1464.51,121.00000000000118,118.6,15.277777777777777,2,22.22222222222222,20283,1
20104.825080010593,1464.17,121.00000000000118,118.4,15.277777777777777,2,22.22222222222222,20283,1
20105.19975108824,1463.8,121.00000000000118,118.2,15.277777777777777,2,22.22222222222222,20283,1
20105.61234554726,1463.39,121.00000000000118,118.0,15.277777777777777,2,22.22222222222222,20283,1
20106.062939801344,1462.94,121.00000000000118,117.8,15.277777777777777,2,22.22222222222222,20283,1
20106.551576251535,1462.45,121.00000000000118,117.6,15.277777777777777,2,22.22222222222222,20283,1
20107.07827440584,1461.92,121.00000000000118,117.4,15.277777777777777,2,22.22222222222222,20283,1
20107.643038293307,1461.36,121.00000000000118,117.2,15.277777777777777,2,22.22222222222222,20283,1
20108.2458614076,1460.75,121.00000000000118,117.0,15.277777777777777,2,22.22222222222222,20283,1
20108.88673000354,1460.11,121.00000000000118,116.8,15.277777777777777,2,22.22222222222222,20283,1
20109.565625295556,1459.43,121.00000000000118,116.6,15.277777777777777,2,22.22222222222222,20283,1
20110.282524924034,1458.72,121.00000000000118,116.4,15.277777777777777,2,22.22222222222222,20283,1
20111.03740393365,1457.96,121.00000000000118,116.2,15.277777777777777,2,22.22222222222222,20283,1
20111.830235426285,1457.17,121.00000000000118,116.0,15.277777777777777,2,22.22222222222222,20283,1
20112.66099099704,1456.34,121.00000000000118,115.8,15.277777777777777,2,22.22222222222222,20283,1
20113.529641025634,1455.47,121.00000000000118,115.6,15.277777777777777,2,22.22222222222222,20283,1
20114.436154871422,1454.56,121.00000000000118,115.4,15.277777777777777,2,22.22222222222222,20283,1
20115.380501004154,1453.62,121.00000000000118,115.2,15.277777777777777,2,22.22222222222222,20283,1
20116.3626470919,1452.64,121.00000000000118,115.0,15.277777777777777,2,22.22222222222222,20283,1
20117.382560060454,1451.62,121.00000000000118,114.8,15.277777777777777,2,22.22222222222222,20283,1
20118.440206133713,1450.56,121.00000000000118,114.6,15.277777777777777,2,22.22222222222222,20283,1
20119.535550861394,1449.46,121.00000000000118,114.4,15.277777777777777,2,22.22222222222222,20283,1
20120.66855913833,1448.33,121.00000000000118,114.2,15.277777777777777,2,22.22222222222222,20283,1
20121.83919521815,1447.16,121.00000000000118,114.0,15.277777777777777,2,22.22222222222222,20283,1
20123.047422723237,1445.95,121.00000000000118,113.8,15.277777777777777,2,22.22222222222222,20283,1
20124.293204652222,1444.71,121.00000000000118,113.6,15.277777777777777,2,22.22222222222222,20283,1
20125.576503385822,1443.42,121.00000000000118,113.4,15.277777777777777,2,22.22222222222222,20283,1
20126.897280691628,1442.1,121.00000000000118,113.2,15.277777777777777,2,22.22222222222222,20283,1
20128.25549772816,1440.74,121.00000000000118,113.0,15.277777777777777,2,22.22222222222222,20283,1
20129.65111504849,1439.35,121.00000000000118,112.8,15.277777777777777,2,22.22222222222222,20283,1
20131.08409260355,1437.92,121.00000000000118,112.6,15.277777777777777,2,22.22222222222222,20283,1
20132.55438974526,1436.45,121.00000000000118,112.4,15.277777777777777,2,22.22222222222222,20283,1
20134.061965229554,1434.94,121.00000000000118,112.2,15.277777777777777,2,22.22222222222222,20283,1
20135.606777219342,1433.39,121.00000000000118,112.0,15.277777777777777,2,22.22222222222222,20283,1
20137.18878328743,1431.81,121.00000000000118,111.8,15.277777777777777,2,22.22222222222222,20283,1
20138.807940419443,1430.19,121.00000000000118,111.6,15.277777777777777,2,22.22222222222222,20283,1
20140.464205016746,1428.54,121.00000000000118,111.4,15.277777777777777,2,22.22222222222222,20283,1
20142.157532899393,1426.84,121.00000000000118,111.2,15.277777777777777,2,22.22222222222222,20283,1
20143.887879309077,1425.11,121.00000000000118,111.0,15.277777777777777,2,22.22222222222222,20283,1
20145.655198912125,1423.34,121.00000000000118,110.8,15.277777777777777,2,22.22222222222222,20283,1
20147.459445802506,1421.54,121.00000000000118,110.6,15.277777777777777,2,22.22222222222222,20283,1
20149.300573504865,1419.7,121.00000000000118,110.4,15.277777777777777,2,22.22222222222222,20283,1
20151.178534977604,1417.82,121.00000000000118,110.2,15.277777777777777,2,22.22222222222222,20283,1
20153.093282615973,1415.91,121.00000000000118,110.0,15.277777777777777,2,22.22222222222222,20283,1
20155.04476825521,1413.96,121.00000000000118,109.8,15.277777777777777,2,22.22222222222222,20283,1
20157.0329431737,1411.97,121.00000000000118,109.6,15.277777777777777,2,22.22222222222222,20283,1
20159.057758096154,1409.94,121.00000000000118,109.4,15.277777777777777,2,22.22222222222222,20283,1
20161.119163196836,1407.88,121.00000000000118,109.2,15.277777777777777,2,22.22222222222222,20283,1
20163.217108102817,1405.78,121.00000000000118,109.0,15.277777777777777,2,22.22222222222222,20283,1
20165.35154189725,1403.65,121.00000000000118,108.8,15.277777777777777,2,22.22222222222222,20283,1
20167.522413122664,1401.48,121.00000000000118,108.6,15.277777777777777,2,22.22222222222222,20283,1
20169.72966978432,1399.27,121.00000000000118,108.4,15.277777777777777,2,22.22222222222222,20283,1
20171.97325935356,1397.03,121.00000000000118,108.2,15.277777777777777,2,22.22222222222222,20283,1
20174.253128771194,1394.75,121.00000000000118,108.0,15.277777777777777,2,22.22222222222222,20283,1
20176.569224450923,1392.43,121.00000000000118,107.8,15.277777777777777,2,22.22222222222222,20283,1
20178.921492282778,1390.08,121.00000000000118,107.6,15.277777777777777,2,22.22222222222222,20283,1
20181.30987763659,1387.69,121.00000000000118,107.4,15.277777777777777,2,22.22222222222222,20283,1
20183.734325365484,1385.27,121.00000000000118,107.2,15.277777777777777,2,22.22222222222222,20283,1
20186.194779809393,1382.81,121.00000000000118,107.0,15.277777777777777,2,22.22222222222222,20283,1
20188.691184798612,1380.31,121.00000000000118,106.8,15.277777777777777,2,22.22222222222222,20283,1
20191.223483657355,1377.78,121.00000000000118,106.6,15.277777777777777,2,22.22222222222222,20283,1
20193.791619207346,1375.21,121.00000000000118,106.4,15.277777777777777,2,22.22222222222222,20283,1
20196.39553377144,1372.6,121.00000000000118,106.2,15.277777777777777,2,22.22222222222222,20283,1
20199.035169177256,1369.96,121.00000000000118,106.0,15.277777777777777,2,22.22222222222222,20283,1
20201.71046676084,1367.29,121.00000000000118,105.8,15.277777777777777,2,22.22222222222222,20283,1
20204.421367370334,1364.58,121.00000000000118,105.6,15.277777777777777,2,22.22222222222222,20283,1
20207.167811369694,1361.83,121.00000000000118,105.4,15.277777777777777,2,22.22222222222222,20283,1
20209.9497386424,1359.05,121.00000000000118,105.2,15.277777777777777,2,22.22222222222222,20283,1
20212.76708859521,1356.23,121.00000000000118,105.0,15.277777777777777,2,22.22222222222222,20283,1
20215.599800161912,1353.4,121.00000000000118,104.8,15.277777777777777,2,22.22222222222222,20283,0
20218.427846751634,1350.57,121.00000000000118,104.6,15.277777777777777,2,22.22222222222222,20283,0
20221.251236472326,1347.75,121.00000000000118,104.4,15.277777777777777,2,22.22222222222222,20283,0
20224.06997740789,1344.93,121.00000000000118,104.2,15.277777777777777,2,22.22222222222222,20283,0
20226.884077618255,1342.12,121.00000000000118,104.0,15.277777777777777,2,22.22222222222222,20283,0
20229.693545139497,1339.31,121.00000000000118,103.8,15.277777777777777,2,22.22222222222222,20283,0
20232.498387983906,1336.5,121.00000000000118,103.6,15.277777777777777,2,22.22222222222222,20283,0
20235.29861414009,1333.7,121.00000000000118,103.4,15.277777777777777,2,22.22222222222222,20283,0
20238.09423157307,1330.91,121.00000000000118,103.2,15.277777777777777,2,22.22222222222222,20283,0
20240.885248224367,1328.11,121.00000000000118,103.0,15.277777777777777,2,22.22222222222222,20283,0
20243.67167201209,1325.33,121.00000000000118,102.8,15.277777777777777,2,22.22222222222222,20283,0
20246.45351083103,1322.55,121.00000000000118,102.6,15.277777777777777,2,22.22222222222222,20283,0
20249.230772552753,1319.77,121.00000000000118,102.4,15.277777777777777,2,22.22222222222222,20283,0
20252.003465025686,1317.0,121.00000000000118,102.2,15.277777777777777,2,22.22222222222222,20283,0
20254.771596075203,1314.23,121.00000000000118,102.0,15.277777777777777,2,22.22222222222222,20283,0
20257.535173503722,1311.46,121.00000000000118,101.8,15.277777777777777,2,22.22222222222222,20283,0
20260.294205090788,1308.71,121.00000000000118,101.6,15.277777777777777,2,22.22222222222222,20283,0
20263.048698593157,1305.95,121.00000000000118,101.4,15.277777777777777,2,22.22222222222222,20283,0
20265.798661744895,1303.2,121.00000000000118,101.2,15.277777777777777,2,22.22222222222222,20283,0
20268.544102257456,1300.46,121.00000000000118,101.0,15.277777777777777,2,22.22222222222222,20283,0
20271.28502781977,1297.71,121.00000000000118,100.8,15.277777777777777,2,22.22222222222222,20283,0
20274.021446098333,1294.98,121.00000000000118,100.6,15.277777777777777,2,22.22222222222222,20283,0
20276.753364737287,1292.25,121.00000000000118,100.4,15.277777777777777,2,22.22222222222222,20283,0
20279.48079135851,1289.52,121.00000000000118,100.2,15.277777777777777,2,22.22222222222222,20283,0
20282.2037335617,1286.8,121.00000000000118,100.0,15.277777777777777,2,22.22222222222222,20283,0
20284.922198924454,1284.08,121.00000000000118,99.8,22.22222222222222,2,15.277777777777777,21449,0
20287.636195002367,1281.36,121.00000000000118,99.6,22.22222222222222,2,15.277777777777777,21449,0
20290.3657293291,1278.63,121.00000000000118,99.4,22.22222222222222,2,15.277777777777777,21449,1
20293.130775601767,1275.87,121.00000000000118,99.2,22.22222222222222,2,15.277777777777777,21449,1
20295.931273453556,1273.07,121.00000000000118,99.0,22.22222222222222,-3,15.277777777777777,21449,1
20298.7681420429,1270.23,121.00000000000118,98.8,22.22222222222222,-3,15.277777777777777,21449,1
20301.642298343082,1267.36,121.00000000000118,98.6,22.22222222222222,-3,15.277777777777777,21449,1
20304.553677116433,1264.45,121.00000000000118,98.4,22.22222222222222,-3,15.277777777777777,21449,1
20307.502152014727,1261.5,121.00000000000118,98.2,22.22222222222222,-3,15.277777777777777,21449,1
20310.487116873563,1258.51,121.00000000000118,98.0,22.22222222222222,-3,15.277777777777777,21449,1
20313.50757510786,1255.49,121.00000000000118,97.8,22.22222222222222,-3,15.277777777777777,21449,1
20316.562584955314,1252.44,121.00000000000118,97.6,22.22222222222222,-3,15.277777777777777,21449,1
20319.6512551603,1249.35,121.00000000000118,97.4,22.22222222222222,-3,15.277777777777777,21449,1
20322.77274108464,1246.23,121.00000000000118,97.2,22.22222222222222,-3,15.277777777777777,21449,1
20325.926241194484,1243.07,121.00000000000118,97.0,22.22222222222222,-3,15.277777777777777,21449,1
20329.110993879534,1239.89,121.00000000000118,96.8,22.22222222222222,-3,15.277777777777777,21449,1
20332.326274566705,1236.67,121.00000000000118,96.6,22.22222222222222,-3,15.277777777777777,21449,1
20335.571393095444,1233.43,121.00000000000118,96.4,22.22222222222222,-3,15.277777777777777,21449,1
20338.845691326078,1230.15,121.00000000000118,96.2,22.22222222222222,-3,15.277777777777777,21449,1
20342.148540956292,1226.85,121.00000000000118,96.0,22.22222222222222,-3,15.277777777777777,21449,1
20345.479341523864,1223.52,121.00000000000118,95.8,22.22222222222222,-3,15.277777777777777,21449,1
20348.837518576514,1220.16,121.00000000000118,95.6,22.22222222222222,-3,15.277777777777777,21449,1
20352.22252199199,1216.78,121.00000000000118,95.4,22.22222222222222,-3,15.277777777777777,21449,1
20355.633824433506,1213.37,121.00000000000118,95.2,22.22222222222222,-3,15.277777777777777,21449,1
20359.07091992739,1209.93,121.00000000000118,95.0,22.22222222222222,-3,15.277777777777777,21449,1
20362.53332255127,1206.47,121.00000000000118,94.8,22.22222222222222,-3,15.277777777777777,21449,1
20366.00630141679,1202.99,121.00000000000118,94.6,22.22222222222222,-3,15.277777777777777,21449,0
20369.475367722553,1199.52,121.00000000000118,94.4,22.22222222222222,-3,15.277777777777777,21449,0
20372.9405294193,1196.06,121.00000000000118,94.2,22.22222222222222,-3,15.277777777777777,21449,0
20376.40179443461,1192.6,121.00000000000118,94.0,22.22222222222222,-3,15.277777777777777,21449,0
20379.85917067299,1189.14,121.00000000000118,93.8,22.22222222222222,-3,15.277777777777777,21449,0
20383.31266601597,1185.69,121.00000000000118,93.6,22.22222222222222,-3,15.277777777777777,21449,0
20386.762288322174,1182.24,121.00000000000118,93.4,22.22222222222222,-3,15.277777777777777,21449,0
20390.208045427433,1178.79,121.00000000000118,93.2,22.22222222222222,-3,15.277777777777777,21449,0
20393.64994514485,1175.35,121.00000000000118,93.0,22.22222222222222,-3,15.277777777777777,21449,0
20397.08799526491,1171.91,121.00000000000118,92.8,22.22222222222222,-3,15.277777777777777,21449,0
20400.522203555538,1168.48,121.00000000000118,92.6,22.22222222222222,-3,15.277777777777777,21449,0
20403.95257776222,1165.05,121.00000000000118,92.4,22.22222222222222,-3,15.277777777777777,21449,0
20407.379125608055,1161.62,121.00000000000118,92.2,22.22222222222222,-3,15.277777777777777,21449,0
20410.801854793877,1158.2,121.00000000000118,92.0,22.22222222222222,-3,15.277777777777777,21449,0
20414.22077299831,1154.78,121.00000000000118,91.8,22.22222222222222,-3,15.277777777777777,21449,0
20417.635887877863,1151.36,121.00000000000118,91.6,22.22222222222222,-3,15.277777777777777,21449,0
20421.04720706702,1147.95,121.00000000000118,91.4,22.22222222222222,-3,15.277777777777777,21449,0
20424.45473817832,1144.55,121.00000000000118,91.2,22.22222222222222,-3,15.277777777777777,21449,0
20427.858488802445,1141.14,121.00000000000118,91.0,22.22222222222222,-3,15.277777777777777,21449,0
20431.258466508294,1137.74,121.00000000000118,90.8,22.22222222222222,-3,15.277777777777777,21449,0
20434.65467884307,1134.35,121.00000000000118,90.6,22.22222222222222,-3,15.277777777777777,21449,0
20438.047133332377,1130.95,121.00000000000118,90.4,22.22222222222222,-3,15.277777777777777,21449,0
20441.435837480272,1127.56,121.00000000000118,90.2,22.22222222222222,-3,15.277777777777777,21449,0
20444.820798769382,1124.18,121.00000000000118,90.0,22.22222222222222,-3,15.277777777777777,21449,0
20448.202024660957,1120.8,121.00000000000118,89.8,22.22222222222222,-3,15.277777777777777,21449,0
20451.579522594962,1117.42,121.00000000000118,89.6,22.22222222222222,-3,15.277777777777777,21449,0
20454.953299990164,1114.05,121.00000000000118,89.4,22.22222222222222,-3,15.277777777777777,21449,0
20458.323364244206,1110.68,121.00000000000118,89.2,22.22222222222222,-3,15.277777777777777,21449,0
20461.68972273368,1107.31,121.00000000000118,89.0,22.22222222222222,-3,15.277777777777777,21449,0
20465.052382814225,1103.95,121.00000000000118,88.8,22.22222222222222,-3,15.277777777777777,21449,0
20468.41135182058,1100.59,121.00000000000118,88.6,22.22222222222222,-3,15.277777777777777,21449,0
20471.766637066696,1097.23,121.00000000000118,88.4,22.22222222222222,-3,15.277777777777777,21449,0
20475.11824584578,1093.88,121.00000000000118,88.2,22.22222222222222,-3,15.277777777777777,21449,0
20478.4661854304,1090.53,121.00000000000118,88.0,22.22222222222222,-3,15.277777777777777,21449,0
20481.810463072547,1087.19,121.00000000000118,87.8,22.22222222222222,-3,15.277777777777777,21449,0
20485.151086003716,1083.85,121.00000000000118,87.6,22.22222222222222,-3,15.277777777777777,21449,0
20488.488061434993,1080.51,121.00000000000118,87.4,22.22222222222222,-3,15.277777777777777,21449,0
20491.821396557112,1077.18,121.00000000000118,87.2,22.22222222222222,-3,15.277777777777777,21449,0
20495.15109854055,1073.85,121.00000000000118,87.0,22.22222222222222,-3,15.277777777777777,21449,0
20498.477174535594,1070.52,121.00000000000118,86.8,22.22222222222222,-3,15.277777777777777,21449,0
20501.799631672417,1067.2,121.00000000000118,86.6,22.22222222222222,-3,15.277777777777777,21449,0
20505.11847706115,1063.88,121.00000000000118,86.4,22.22222222222222,-3,15.277777777777777,21449,0
20508.43371779197,1060.57,121.00000000000118,86.2,22.22222222222222,-3,15.277777777777777,21449,0
20511.745360935158,1057.25,121.00000000000118,86.0,22.22222222222222,-3,15.277777777777777,21449,0
20515.053413541184,1053.95,121.00000000000118,85.8,22.22222222222222,-3,15.277777777777777,21449,0
20518.357882640772,1050.64,121.00000000000118,85.6,22.22222222222222,-3,15.277777777777777,21449,0
20521.658775244985,1047.34,121.00000000000118,85.4,22.22222222222222,-3,15.277777777777777,21449,0
20524.95609834529,1044.04,121.00000000000118,85.2,22.22222222222222,-3,15.277777777777777,21449,0
20528.249858913634,1040.75,121.00000000000118,85.0,22.22222222222222,-3,15.277777777777777,21449,0
20531.54006390251,1037.46,121.00000000000118,84.8,22.22222222222222,-3,15.277777777777777,21449,0
20534.82672024504,1034.17,121.00000000000118,84.6,22.22222222222222,-3,15.277777777777777,21449,0
20538.10983485504,1030.89,121.00000000000118,84.4,22.22222222222222,-3,15.277777777777777,21449,0
20541.38941462709,1027.61,121.00000000000118,84.2,22.22222222222222,-3,15.277777777777777,21449,0
20544.665466436607,1024.33,121.00000000000118,84.0,22.22222222222222,-3,15.277777777777777,21449,0
20547.93799713992,1021.06,121.00000000000118,83.8,22.22222222222222,-3,15.277777777777777,21449,0
20551.207013574338,1017.79,121.00000000000118,83.6,22.22222222222222,-3,15.277777777777777,21449,0
20554.47252255821,1014.53,121.00000000000118,83.4,22.22222222222222,-3,15.277777777777777,21449,0
20557.73453089102,1011.27,121.00000000000118,83.2,22.22222222222222,-3,15.277777777777777,21449,0
20560.993045353418,1008.01,121.00000000000118,83.0,22.22222222222222,-3,15.277777777777777,21449,0
20564.248072707334,1004.75,121.00000000000118,82.8,22.22222222222222,-3,15.277777777777777,21449,0
20567.49961969601,1001.5,121.00000000000118,82.6,22.22222222222222,-3,15.277777777777777,21449,0
20570.747693044083,998.25,121.00000000000118,82.4,22.22222222222222,-3,15.277777777777777,21449,0
20573.992299457663,995.01,121.00000000000118,82.2,22.22222222222222,-3,15.277777777777777,21449,0
20577.23344562438,991.77,121.00000000000118,82.0,22.22222222222222,-3,15.277777777777777,21449,0
20580.471138213474,988.53,121.00000000000118,81.8,22.22222222222222,-3,15.277777777777777,21449,0
20583.705383875837,985.29,121.00000000000118,81.6,22.22222222222222,-3,15.277777777777777,21449,0
20586.936189244105,982.06,121.00000000000118,81.4,22.22222222222222,-3,15.277777777777777,21449,0
20590.16356093271,978.84,121.00000000000118,81.2,22.22222222222222,-3,15.277777777777777,21449,0
20593.387505537947,975.61,121.00000000000118,81.0,22.22222222222222,-3,15.277777777777777,21449,0
20596.608029638046,972.39,121.00000000000118,80.8,22.22222222222222,-3,15.277777777777777,21449,0
20599.825139793236,969.17,121.00000000000118,80.6,22.22222222222222,-3,15.277777777777777,21449,0
20603.038842545808,965.96,121.00000000000118,80.4,22.22222222222222,-3,15.277777777777777,21449,0
20606.249144420177,962.75,121.00000000000118,80.2,22.22222222222222,-3,15.277777777777777,21449,0
20609.456051922956,959.54,121.00000000000118,80.0,22.22222222222222,-3,15.277777777777777,21449,0
20612.659571543016,956.34,121.00000000000118,79.8,22.22222222222222,-3,15.277777777777777,21449,0
20615.85970975155,953.14,121.00000000000118,79.6,22.22222222222222,-3,15.277777777777777,21449,0
20619.056473002132,949.94,121.00000000000118,79.4,22.22222222222222,-3,15.277777777777777,21449,0
20622.249867730792,946.75,121.00000000000118,79.2,22.22222222222222,-3,15.277777777777777,21449,0
20625.439900356072,943.56,121.00000000000118,79.0,22.22222222222222,-3,15.277777777777777,21449,0
20628.626577279087,940.37,121.00000000000118,78.8,22.22222222222222,-3,15.277777777777777,21449,0
20631.809904883594,937.19,121.00000000000118,78.6,22.22222222222222,-3,15.277777777777777,21449,0
20634.989889536053,934.01,121.00000000000118,78.4,22.22222222222222,-3,15.277777777777777,21449,0
20638.166537585686,930.83,121.00000000000118,78.2,22.22222222222222,-3,15.277777777777777,21449,0
20641.339855364542,927.66,121.00000000000118,78.0,22.22222222222222,-3,15.277777777777777,21449,0
20644.509849187554,924.49,121.00000000000118,77.8,22.22222222222222,-3,15.277777777777777,21449,0
20647.67652535261,921.32,121.00000000000118,77.6,22.22222222222222,-3,15.277777777777777,21449,0
20650.839890140604,918.16,121.00000000000118,77.4,22.22222222222222,-3,15.277777777777777,21449,0
20653.999949815505,915.0,121.00000000000118,77.2,22.22222222222222,-3,15.277777777777777,21449,0
20657.15671062441,911.84,121.00000000000118,77.0,22.22222222222222,-3,15.277777777777777,21449,0
20660.310178797612,908.69,121.00000000000118,76.8,22.22222222222222,-3,15.277777777777777,21449,0
20663.46036054865,905.54,121.00000000000118,76.6,22.22222222222222,-3,15.277777777777777,21449,0
20666.607262074387,902.39,121.00000000000118,76.4,22.22222222222222,-3,15.277777777777777,21449,0
20669.750889555045,899.25,121.00000000000118,76.2,22.22222222222222,-3,15.277777777777777,21449,0
20672.891249154287,896.11,121.00000000000118,76.0,22.22222222222222,-3,15.277777777777777,21449,0
20676.02834701926,892.97,121.00000000000118,75.8,22.22222222222222,-3,15.277777777777777,21449,0
20679.162189280658,889.84,121.00000000000118,75.6,22.22222222222222,-3,15.277777777777777,21449,0
20682.292782052788,886.71,121.00000000000118,75.4,22.22222222222222,-3,15.277777777777777,21449,0
20685.42013143362,883.58,121.00000000000118,75.2,22.22222222222222,-3,15.277777777777777,21449,0
20688.54424350485,880.46,121.00000000000118,75.0,22.22222222222222,-3,15.277777777777777,21449,0
20691.66512433195,877.33,121.00000000000118,74.8,22.22222222222222,-3,15.277777777777777,21449,0
20694.782779964233,874.22,121.00000000000118,74.6,22.22222222222222,-3,15.277777777777777,21449,0
20697.897216434907,871.1,121.00000000000118,74.4,22.22222222222222,-3,15.277777777777777,21449,0
20701.00843976114,867.99,121.00000000000118,74.2,22.22222222222222,-3,15.277777777777777,21449,0
20704.1164559441,864.88,121.00000000000118,74.0,22.22222222222222,-3,15.277777777777777,21449,0
20707.22127096902,861.78,121.00000000000118,73.8,22.22222222222222,-3,15.277777777777777,21449,0
20710.32289080527,858.68,121.00000000000118,73.6,22.22222222222222,-3,15.277777777777777,21449,0
20713.42132140638,855.58,121.00000000000118,73.4,22.22222222222222,-3,15.277777777777777,21449,0
20716.51656871012,852.48,121.00000000000118,73.2,22.22222222222222,-3,15.277777777777777,21449,0
20719.60863863856,849.39,121.00000000000118,73.0,22.22222222222222,-3,15.277777777777777,21449,0
20722.6975370981,846.3,121.00000000000118,72.8,22.22222222222222,-3,15.277777777777777,21449,0
20725.783269979547,843.22,121.00000000000118,72.6,22.22222222222222,-3,15.277777777777777,21449,0
20728.86584315816,840.13,121.00000000000118,72.4,22.22222222222222,-3,15.277777777777777,21449,0
20731.945262493708,837.05,121.00000000000118,72.2,22.22222222222222,-3,15.277777777777777,21449,0
20735.021533830517,833.98,121.00000000000118,72.0,22.22222222222222,-3,15.277777777777777,21449,0
20738.09466299754,830.91,121.00000000000118,71.8,22.22222222222222,-3,15.277777777777777,21449,0
20741.164655808396,827.84,121.00000000000118,71.6,22.22222222222222,-3,15.277777777777777,21449,0
20744.231518061428,824.77,121.00000000000118,71.4,22.22222222222222,-3,15.277777777777777,21449,0
20747.295255539757,821.7,121.00000000000118,71.2,22.22222222222222,-3,15.277777777777777,21449,0
20750.355874011337,818.64,121.00000000000118,71.0,22.22222222222222,-3,15.277777777777777,21449,0
20753.413379229,815.59,121.00000000000118,70.8,22.22222222222222,-3,15.277777777777777,21449,0
20756.46777693052,812.53,121.00000000000118,70.6,22.22222222222222,-3,15.277777777777777,21449,0
20759.519072838655,809.48,121.00000000000118,70.4,22.22222222222222,-3,15.277777777777777,21449,0
20762.56727266121,806.43,121.00000000000118,70.2,22.22222222222222,-3,15.277777777777777,21449,0
20765.612382091076,803.39,121.00000000000118,70.0,22.22222222222222,-3,15.277777777777777,21449,0
20768.654406806294,800.35,121.00000000000118,69.8,22.22222222222222,-3,15.277777777777777,21449,0
20771.693352470094,797.31,121.00000000000118,69.6,22.22222222222222,-3,15.277777777777777,21449,0
20774.729224730963,794.27,121.00000000000118,69.4,22.22222222222222,-3,15.277777777777777,21449,0
20777.762029222675,791.24,121.00000000000118,69.2,22.22222222222222,-3,15.277777777777777,21449,0
20780.791771564363,788.21,121.00000000000118,69.0,22.22222222222222,-3,15.277777777777777,21449,0
20783.818457360554,785.18,121.00000000000118,68.8,22.22222222222222,-3,15.277777777777777,21449,0
20786.842092201226,782.16,121.00000000000118,68.6,22.22222222222222,-3,15.277777777777777,21449,0
20789.86268166186,779.14,121.00000000000118,68.4,22.22222222222222,-3,15.277777777777777,21449,0
20792.880231303483,776.12,121.00000000000118,68.2,22.22222222222222,-3,15.277777777777777,21449,0
20795.894746672726,773.11,121.00000000000118,68.0,22.22222222222222,-3,15.277777777777777,21449,0
20798.906233301866,770.09,121.00000000000118,67.8,22.22222222222222,-3,15.277777777777777,21449,0
20801.914696708882,767.09,121.00000000000118,67.6,22.22222222222222,-3,15.277777777777777,21449,0
20804.920142397496,764.08,121.00000000000118,67.4,22.22222222222222,-3,15.277777777777777,21449,0
20807.92257585723,761.08,121.00000000000118,67.2,22.22222222222222,-3,15.277777777777777,21449,0
20810.92200256345,758.08,121.00000000000118,67.0,22.22222222222222,-3,15.277777777777777,21449,0
20813.91842797742,755.08,121.00000000000118,66.8,22.22222222222222,-3,15.277777777777777,21449,0
20816.911857546344,752.09,121.00000000000118,66.6,22.22222222222222,-3,15.277777777777777,21449,0
20819.902296703414,749.1,121.00000000000118,66.4,22.22222222222222,-3,15.277777777777777,21449,0
20822.88975086786,746.11,121.00000000000118,66.2,22.22222222222222,-3,15.277777777777777,21449,0
20825.874225445,743.13,121.00000000000118,66.0,22.22222222222222,-3,15.277777777777777,21449,0
20828.855725826288,740.14,121.00000000000118,65.8,22.22222222222222,-3,15.277777777777777,21449,0
20831.83425738935,737.17,121.00000000000118,65.6,22.22222222222222,-3,15.277777777777777,21449,0
20834.809825498047,734.19,121.00000000000118,65.4,22.22222222222222,-3,15.277777777777777,21449,0
20837.782435502508,731.22,121.00000000000118,65.2,22.22222222222222,-3,15.277777777777777,21449,0
20840.75209273919,728.25,121.00000000000118,65.0,22.22222222222222,-3,15.277777777777777,21449,0
20843.718802530908,725.28,121.00000000000118,64.8,22.22222222222222,-3,15.277777777777777,21449,0
20846.682570186902,722.32,121.00000000000118,64.6,22.22222222222222,-3,15.277777777777777,21449,0
20849.643401002864,719.36,121.00000000000118,64.4,22.22222222222222,-3,15.277777777777777,21449,0
20852.601300260994,716.4,121.00000000000118,64.2,22.22222222222222,-3,15.277777777777777,21449,0
20855.556273230042,713.44,121.00000000000118,64.0,22.22222222222222,-3,15.277777777777777,21449,0
20858.508325165356,710.49,121.00000000000118,63.8,22.22222222222222,-3,15.277777777777777,21449,0
20861.457461308924,707.54,121.00000000000118,63.6,22.22222222222222,-3,15.277777777777777,21449,0
20864.40368688942,704.6,121.00000000000118,63.4,22.22222222222222,-3,15.277777777777777,21449,0
20867.34700712226,701.65,121.00000000000118,63.2,22.22222222222222,-3,15.277777777777777,21449,0
20870.28742720962,698.71,121.00000000000118,63.0,22.22222222222222,-3,15.277777777777777,21449,0
20873.224952340508,695.78,121.00000000000118,62.8,22.22222222222222,-3,15.277777777777777,21449,0
20876.159587690796,692.84,121.00000000000118,62.6,22.22222222222222,-3,15.277777777777777,21449,0
20879.091338423266,689.91,121.00000000000118,62.4,22.22222222222222,-3,15.277777777777777,21449,0
20882.02020968765,686.98,121.00000000000118,62.2,22.22222222222222,-3,15.277777777777777,21449,0
20884.94620662068,684.05,121.00000000000118,62.0,22.22222222222222,-3,15.277777777777777,21449,0
20887.869334346127,681.13,121.00000000000118,61.8,22.22222222222222,-3,15.277777777777777,21449,0
20890.78959797485,678.21,121.00000000000118,61.6,22.22222222222222,-3,15.277777777777777,21449,0
20893.70700260483,675.29,121.00000000000118,61.4,22.22222222222222,-3,15.277777777777777,21449,0
20896.621553321227,672.38,121.00000000000118,61.2,22.22222222222222,-3,15.277777777777777,21449,0
20899.533255196406,669.47,121.00000000000118,61.0,22.22222222222222,-3,15.277777777777777,21449,0
20902.44211328999,666.56,121.00000000000118,60.8,22.22222222222222,-3,15.277777777777777,21449,0
20905.348132648905,663.65,121.00000000000118,60.6,22.22222222222222,-3,15.277777777777777,21449,0
20908.25131830741,660.75,121.00000000000118,60.4,22.22222222222222,-3,15.277777777777777,21449,0
20911.151675287158,657.85,121.00000000000118,60.2,22.22222222222222,-3,15.277777777777777,21449,0
20914.04920859722,654.95,121.00000000000118,60.0,22.22222222222222,-3,15.277777777777777,21449,0
20916.94392323413,652.06,121.00000000000118,59.8,22.22222222222222,-3,15.277777777777777,21449,0
20919.835824181937,649.16,121.00000000000118,59.6,22.22222222222222,-3,15.277777777777777,21449,0
20922.72491641224,646.28,121.00000000000118,59.4,22.22222222222222,-3,15.277777777777777,21449,0
20925.61120488423,643.39,121.00000000000118,59.2,22.22222222222222,-3,15.277777777777777,21449,0
20928.494694544726,640.51,121.00000000000118,59.0,22.22222222222222,-3,15.277777777777777,21449,0
20931.375390328223,637.62,121.00000000000118,58.8,22.22222222222222,-3,15.277777777777777,21449,0
20934.253297156927,634.75,121.00000000000118,58.6,22.22222222222222,-3,15.277777777777777,21449,0
20937.128419940804,631.87,121.00000000000118,58.4,22.22222222222222,-3,15.277777777777777,21449,0
20940.00076357761,629.0,121.00000000000118,58.2,22.22222222222222,-3,15.277777777777777,21449,0
20942.870332952938,626.13,121.00000000000118,58.0,22.22222222222222,-3,15.277777777777777,21449,0
20945.737132940263,623.26,121.00000000000118,57.8,22.22222222222222,-3,15.277777777777777,21449,0
20948.601168400965,620.4,121.00000000000118,57.6,22.22222222222222,-3,15.277777777777777,21449,0
20951.462444184384,617.54,121.00000000000118,57.4,22.22222222222222,-3,15.277777777777777,21449,0
20954.320965127856,614.68,121.00000000000118,57.2,22.22222222222222,-3,15.277777777777777,21449,0
20957.17673605675,611.82,121.00000000000118,57.0,22.22222222222222,-3,15.277777777777777,21449,0
20960.029761784506,608.97,121.00000000000118,56.8,22.22222222222222,-3,15.277777777777777,21449,0
20962.88004711268,606.12,121.00000000000118,56.6,22.22222222222222,-3,15.277777777777777,21449,0
20965.727596830984,603.27,121.00000000000118,56.4,22.22222222222222,-3,15.277777777777777,21449,0
20968.57241571731,600.43,121.00000000000118,56.2,22.22222222222222,-3,15.277777777777777,21449,0
20971.414508537786,597.59,121.00000000000118,56.0,22.22222222222222,3,15.277777777777777,21449,0
20974.25270404681,594.75,121.00000000000118,55.8,22.22222222222222,3,15.277777777777777,21449,0
20977.085833034504,591.91,121.00000000000118,55.6,22.22222222222222,3,15.277777777777777,21449,0
20979.913904319015,589.09,121.00000000000118,55.4,22.22222222222222,3,15.277777777777777,21449,0
20982.736926691385,586.26,121.00000000000118,55.2,22.22222222222222,3,15.277777777777777,21449,0
20985.554908915663,583.45,121.00000000000118,55.0,22.22222222222222,3,15.277777777777777,21449,0
20988.36785972902,580.63,121.00000000000118,54.8,22.22222222222222,3,15.277777777777777,21449,0
20991.17578784185,577.82,121.00000000000118,54.6,22.22222222222222,3,15.277777777777777,21449,0
20993.978701937875,575.02,121.00000000000118,54.4,22.22222222222222,3,15.277777777777777,21449,0
20996.776610674257,572.22,121.00000000000118,54.2,22.22222222222222,3,15.277777777777777,21449,0
20999.569522681697,569.43,121.00000000000118,54.0,22.22222222222222,3,15.277777777777777,21449,0
21002.357446564547,566.64,121.00000000000118,53.8,22.22222222222222,3,15.277777777777777,21449,0
21005.140390900913,563.86,121.00000000000118,53.6,22.22222222222222,3,15.277777777777777,21449,0
21007.918364242756,561.08,121.00000000000118,53.4,22.22222222222222,3,15.277777777777777,21449,0
21010.691375115995,558.31,121.00000000000118,53.2,22.22222222222222,3,15.277777777777777,21449,0
21013.45943202062,555.54,121.00000000000118,53.0,22.22222222222222,3,15.277777777777777,21449,0
21016.222543430777,552.78,121.00000000000118,52.8,22.22222222222222,3,15.277777777777777,21449,0
21018.98071779489,550.02,121.00000000000118,52.6,22.22222222222222,3,15.277777777777777,21449,0
21021.73396353575,547.27,121.00000000000118,52.4,22.22222222222222,3,15.277777777777777,21449,0
21024.482289050615,544.52,121.00000000000118,52.2,22.22222222222222,3,15.277777777777777,21449,0
21027.225702711316,541.77,121.00000000000118,52.0,22.22222222222222,3,15.277777777777777,21449,0
21029.96421286436,539.04,121.00000000000118,51.8,22.22222222222222,3,15.277777777777777,21449,0
21032.697827831023,536.3,121.00000000000118,51.6,22.22222222222222,3,15.277777777777777,21449,0
21035.42655590745,533.57,121.00000000000118,51.4,22.22222222222222,3,15.277777777777777,21449,0
21038.150405364748,530.85,121.00000000000118,51.2,22.22222222222222,3,15.277777777777777,21449,0
21040.869384449106,528.13,121.00000000000118,51.0,22.22222222222222,3,15.277777777777777,21449,0
21043.58350138187,525.42,121.00000000000118,50.8,22.22222222222222,3,15.277777777777777,21449,0
21046.29276435964,522.71,121.00000000000118,50.6,22.22222222222222,3,15.277777777777777,21449,0
21048.997181554394,520.0,121.00000000000118,50.4,22.22222222222222,3,15.277777777777777,21449,0
21051.696761113544,517.3,121.00000000000118,50.2,22.22222222222222,3,15.277777777777777,21449,0
21054.39151116006,514.61,121.00000000000118,50.0,22.22222222222222,3,15.277777777777777,21449,0
21057.081439792568,511.92,121.00000000000118,49.8,22.22222222222222,3,15.277777777777777,21449,0
21059.766555085414,509.23,121.00000000000118,49.6,22.22222222222222,3,15.277777777777777,21449,0
21062.446865088797,506.55,121.00000000000118,49.4,22.22222222222222,3,15.277777777777777,21449,0
21065.122377828833,503.88,121.00000000000118,49.2,22.22222222222222,3,15.277777777777777,21449,0
21067.793101307667,501.21,121.00000000000118,49.0,22.22222222222222,3,15.277777777777777,21449,0
21070.459043503553,498.54,121.00000000000118,48.8,22.22222222222222,3,15.277777777777777,21449,0
21073.12021237096,495.88,121.00000000000118,48.6,22.22222222222222,3,15.277777777777777,21449,0
21075.776615840645,493.22,121.00000000000118,48.4,22.22222222222222,3,15.277777777777777,21449,0
21078.428261819765,490.57,121.00000000000118,48.2,22.22222222222222,3,15.277777777777777,21449,0
21081.075158191958,487.92,121.00000000000118,48.0,22.22222222222222,3,15.277777777777777,21449,0
21083.717312817433,485.28,121.00000000000118,47.8,22.22222222222222,3,15.277777777777777,21449,0
21086.354733533062,482.65,121.00000000000118,47.6,22.22222222222222,3,15.277777777777777,21449,0
21088.98742815247,480.01,121.00000000000118,47.4,22.22222222222222,3,15.277777777777777,21449,0
21091.61540446613,477.38,121.00000000000118,47.2,22.22222222222222,3,15.277777777777777,21449,0
21094.238670241433,474.76,121.00000000000118,47.0,22.22222222222222,3,15.277777777777777,21449,0
21096.857233222803,472.14,121.00000000000118,46.8,22.22222222222222,3,15.277777777777777,21449,0
21099.471101131763,469.53,121.00000000000118,46.6,22.22222222222222,3,15.277777777777777,21449,0
21102.080281667037,466.92,121.00000000000118,46.4,22.22222222222222,3,15.277777777777777,21449,0
21104.684782504628,464.32,121.00000000000118,46.2,22.22222222222222,3,15.277777777777777,21449,0
21107.28461129791,461.72,121.00000000000118,46.0,22.22222222222222,3,15.277777777777777,21449,0
21109.879775677713,459.12,121.00000000000118,45.8,22.22222222222222,3,15.277777777777777,21449,0
21112.47028325241,456.53,121.00000000000118,45.6,22.22222222222222,3,15.277777777777777,21449,0
21115.056141607998,453.94,121.00000000000118,45.4,22.22222222222222,3,15.277777777777777,21449,0
21117.63735830819,451.36,121.00000000000118,45.2,22.22222222222222,3,15.277777777777777,21449,0
21120.213940894497,448.79,121.00000000000118,45.0,22.22222222222222,3,15.277777777777777,21449,0
21122.785896886307,446.21,121.00000000000118,44.8,22.22222222222222,3,15.277777777777777,21449,0
21125.35323378098,443.65,121.00000000000118,44.6,22.22222222222222,3,15.277777777777777,21449,0
21127.915959053924,441.08,121.00000000000118,44.4,22.22222222222222,3,15.277777777777777,21449,0
21130.474080158674,438.53,121.00000000000118,44.2,22.22222222222222,3,15.277777777777777,21449,0
21133.027604526982,435.97,121.00000000000118,44.0,22.22222222222222,3,15.277777777777777,21449,0
21135.5765395689,433.42,121.00000000000118,43.8,22.22222222222222,3,15.277777777777777,21449,0
21138.12089267286,430.88,121.00000000000118,43.6,22.22222222222222,3,15.277777777777777,21449,0
21140.660671205755,428.34,121.00000000000118,43.4,22.22222222222222,3,15.277777777777777,21449,0
21143.195882513017,425.8,121.00000000000118,43.2,22.22222222222222,3,15.277777777777777,21449,0
21145.726533918703,423.27,121.00000000000118,43.0,22.22222222222222,3,15.277777777777777,21449,0
21148.252632725573,420.75,121.00000000000118,42.8,22.22222222222222,3,15.277777777777777,21449,0
21150.77418621517,418.23,121.00000000000118,42.6,22.22222222222222,3,15.277777777777777,21449,0
21153.291201647902,415.71,121.00000000000118,42.4,22.22222222222222,3,15.277777777777777,21449,0
21155.803686263116,413.2,121.00000000000118,42.2,22.22222222222222,3,15.277777777777777,21449,0
21158.31164727918,410.69,121.00000000000118,42.0,22.22222222222222,3,15.277777777777777,21449,0
21160.815091893568,408.18,121.00000000000118,41.8,22.22222222222222,3,15.277777777777777,21449,0
21163.314027282926,405.69,121.00000000000118,41.6,22.22222222222222,3,15.277777777777777,21449,0
21165.80846060316,403.19,121.00000000000118,41.4,22.22222222222222,3,15.277777777777777,21449,0
21168.298398989504,400.7,121.00000000000118,41.2,22.22222222222222,3,15.277777777777777,21449,0
21170.783849556603,398.22,121.00000000000118,41.0,22.22222222222222,3,15.277777777777777,21449,0
21173.264819398595,395.74,121.00000000000118,40.8,22.22222222222222,3,15.277777777777777,21449,0
21175.741315589174,393.26,121.00000000000118,40.6,22.22222222222222,3,15.277777777777777,21449,0
21178.213345181677,390.79,121.00000000000118,40.4,22.22222222222222,3,15.277777777777777,21449,0
21180.680915209156,388.32,121.00000000000118,40.2,22.22222222222222,3,15.277777777777777,21449,0
21183.14403268445,385.86,121.00000000000118,40.0,22.22222222222222,3,15.277777777777777,21449,0
21185.602704600264,383.4,121.00000000000118,39.8,22.22222222222222,3,15.277777777777777,21449,0
21188.056937929243,380.94,121.00000000000118,39.6,22.22222222222222,3,15.277777777777777,21449,0
21190.50673962405,378.49,121.00000000000118,39.4,22.22222222222222,3,15.277777777777777,21449,0
21192.952116617424,376.05,121.00000000000118,39.2,22.22222222222222,3,15.277777777777777,21449,0
21195.393075822278,373.61,121.00000000000118,39.0,22.22222222222222,3,15.277777777777777,21449,0
21197.829624131755,371.17,121.00000000000118,38.8,22.22222222222222,3,15.277777777777777,21449,0
21200.261768419303,368.74,121.00000000000118,38.6,22.22222222222222,3,15.277777777777777,21449,0
21202.689515538746,366.31,121.00000000000118,38.4,22.22222222222222,3,15.277777777777777,21449,0
21205.11287232437,363.89,121.00000000000118,38.2,22.22222222222222,3,15.277777777777777,21449,0
21207.531845590976,361.47,121.00000000000118,38.0,22.22222222222222,3,15.277777777777777,21449,0
21209.946442133965,359.05,121.00000000000118,37.8,22.22222222222222,3,15.277777777777777,21449,0
21212.3566687294,356.64,121.00000000000118,37.6,22.22222222222222,3,15.277777777777777,21449,0
21214.762532134086,354.24,121.00000000000118,37.4,22.22222222222222,3,15.277777777777777,21449,0
21217.16403908563,351.84,121.00000000000118,37.2,22.22222222222222,3,15.277777777777777,21449,0
21219.56119630252,349.44,121.00000000000118,37.0,22.22222222222222,3,15.277777777777777,21449,0
21221.95401048419,347.05,121.00000000000118,36.8,22.22222222222222,3,15.277777777777777,21449,0
21224.342488311097,344.66,121.00000000000118,36.6,22.22222222222222,3,15.277777777777777,21449,0
21226.726636444775,342.27,121.00000000000118,36.4,22.22222222222222,3,15.277777777777777,21449,0
21229.106461527917,339.89,121.00000000000118,36.2,22.22222222222222,3,15.277777777777777,21449,0
21231.481970184446,337.52,121.00000000000118,36.0,22.22222222222222,3,15.277777777777777,21449,0
21233.853169019567,335.15,121.00000000000118,35.8,22.22222222222222,3,15.277777777777777,21449,0
21236.22006461985,332.78,121.00000000000118,35.6,22.22222222222222,3,15.277777777777777,21449,0
21238.582663553294,330.42,121.00000000000118,35.4,22.22222222222222,3,15.277777777777777,21449,0
21240.94097236939,328.06,121.00000000000118,35.2,22.22222222222222,3,15.277777777777777,21449,0
21243.294997599194,325.71,121.00000000000118,35.0,22.22222222222222,3,15.277777777777777,21449,0
21245.644745755388,323.36,121.00000000000118,34.8,22.22222222222222,3,15.277777777777777,21449,0
21247.99022333235,321.01,121.00000000000118,34.6,22.22222222222222,3,15.277777777777777,21449,0
21250.331436806213,318.67,121.00000000000118,34.4,22.22222222222222,3,15.277777777777777,21449,0
21252.66839263495,316.33,121.00000000000118,34.2,22.22222222222222,3,15.277777777777777,21449,0
21255.001097258417,314.0,121.00000000000118,34.0,22.22222222222222,3,15.277777777777777,21449,0
21257.32955709843,311.67,121.00000000000118,33.8,22.22222222222222,3,15.277777777777777,21449,0
21259.65377855883,309.35,121.00000000000118,33.6,22.22222222222222,3,15.277777777777777,21449,0
21261.973768025542,307.03,121.00000000000118,33.4,22.22222222222222,3,15.277777777777777,21449,0
21264.28953186664,304.71,121.00000000000118,33.2,22.22222222222222,3,15.277777777777777,21449,0
21266.60107643242,302.4,121.00000000000118,33.0,22.22222222222222,3,15.277777777777777,21449,0
21268.908408055453,300.09,121.00000000000118,32.8,22.22222222222222,3,15.277777777777777,21449,0
21271.211533050653,297.79,121.00000000000118,32.6,22.22222222222222,3,15.277777777777777,21449,0
21273.51045771534,295.49,121.00000000000118,32.4,22.22222222222222,3,15.277777777777777,21449,0
21275.805188329305,293.19,121.00000000000118,32.2,22.22222222222222,3,15.277777777777777,21449,0
21278.095731154866,290.9,121.00000000000118,32.0,22.22222222222222,3,15.277777777777777,21449,0
21280.38209243694,288.62,121.00000000000118,31.8,22.22222222222222,3,15.277777777777777,21449,0
21282.664278403092,286.34,121.00000000000118,31.6,22.22222222222222,3,15.277777777777777,21449,0
21284.942295263612,284.06,121.00000000000118,31.4,22.22222222222222,3,15.277777777777777,21449,0
21287.216149211567,281.78,121.00000000000118,31.2,22.22222222222222,3,15.277777777777777,21449,0
21289.485846422856,279.51,121.00000000000118,31.0,22.22222222222222,3,15.277777777777777,21449,0
21291.751393056293,277.25,121.00000000000118,30.8,22.22222222222222,3,15.277777777777777,21449,0
21294.012795253642,274.99,121.00000000000118,30.6,22.22222222222222,3,15.277777777777777,21449,0
21296.270059139693,272.73,121.00000000000118,30.4,22.22222222222222,3,15.277777777777777,21449,0
21298.52319082232,270.48,121.00000000000118,30.2,22.22222222222222,3,15.277777777777777,21449,0
21300.772196392536,268.23,121.00000000000118,30.0,22.22222222222222,3,15.277777777777777,21449,0
21303.017081924554,265.98,121.00000000000118,29.8,22.22222222222222,3,15.277777777777777,21449,0
21305.25785347585,263.74,121.00000000000118,29.6,22.22222222222222,3,15.277777777777777,21449,0
21307.49451708722,261.51,121.00000000000118,29.4,22.22222222222222,3,15.277777777777777,21449,0
21309.72707878284,259.27,121.00000000000118,29.2,22.22222222222222,3,15.277777777777777,21449,0
21311.955544570315,257.04,121.00000000000118,29.0,22.22222222222222,3,15.277777777777777,21449,0
21314.179920440754,254.82,121.00000000000118,28.8,22.22222222222222,3,15.277777777777777,21449,0
21316.40021236882,252.6,121.00000000000118,28.6,22.22222222222222,3,15.277777777777777,21449,0
21318.616426312776,250.38,121.00000000000118,28.4,22.22222222222222,3,15.277777777777777,21449,0
21320.82856821456,248.17,121.00000000000118,28.2,22.22222222222222,3,15.277777777777777,21449,0
21323.036643999843,245.96,121.00000000000118,28.0,22.22222222222222,3,15.277777777777777,21449,0
21325.240659578063,243.76,121.00000000000118,27.8,22.22222222222222,3,15.277777777777777,21449,0
21327.44062084251,241.56,121.00000000000118,27.6,22.22222222222222,3,15.277777777777777,21449,0
21329.636533670364,239.36,121.00000000000118,27.4,22.22222222222222,3,15.277777777777777,21449,0
21331.82840392276,237.17,121.00000000000118,27.2,22.22222222222222,3,15.277777777777777,21449,0
21334.016237444834,234.98,121.00000000000118,27.0,22.22222222222222,3,15.277777777777777,21449,0
21336.200040065793,232.8,121.00000000000118,26.8,22.22222222222222,3,15.277777777777777,21449,0
21338.37981759896,230.62,121.00000000000118,26.6,22.22222222222222,3,15.277777777777777,21449,0
21340.555575841834,228.44,121.00000000000118,26.4,22.22222222222222,3,15.277777777777777,21449,0
21342.727320576138,226.27,121.00000000000118,26.2,22.22222222222222,3,15.277777777777777,21449,0
21344.895057567883,224.1,121.00000000000118,26.0,22.22222222222222,3,15.277777777777777,21449,0
21347.05879256742,221.94,121.00000000000118,25.8,22.22222222222222,3,15.277777777777777,21449,0
21349.21853130949,219.78,121.00000000000118,25.6,22.22222222222222,3,15.277777777777777,21449,0
21351.37427951328,217.63,121.00000000000118,25.4,22.22222222222222,3,15.277777777777777,21449,0
21353.526042882477,215.47,121.00000000000118,25.2,22.22222222222222,3,15.277777777777777,21449,0
21355.673827105325,213.33,121.00000000000118,25.0,22.22222222222222,3,15.277777777777777,21449,0
21357.817637854674,211.18,121.00000000000118,24.8,22.22222222222222,3,15.277777777777777,21449,0
21359.957480788034,209.04,121.00000000000118,24.6,22.22222222222222,3,15.277777777777777,21449,0
21362.093361547628,206.91,121.00000000000118,24.4,22.22222222222222,3,15.277777777777777,21449,0
21364.225285760444,204.77,121.00000000000118,24.2,22.22222222222222,3,15.277777777777777,21449,0
21366.35325903829,202.65,121.00000000000118,24.0,22.22222222222222,3,15.277777777777777,21449,0
21368.477286977843,200.52,121.00000000000118,23.8,22.22222222222222,3,15.277777777777777,21449,0
21370.5973751607,198.4,121.00000000000118,23.6,22.22222222222222,3,15.277777777777777,21449,0
21372.713529153443,196.29,121.00000000000118,23.4,22.22222222222222,3,15.277777777777777,21449,0
21374.825754507663,194.17,121.00000000000118,23.2,22.22222222222222,3,15.277777777777777,21449,0
21376.934056760037,192.07,121.00000000000118,23.0,22.22222222222222,3,15.277777777777777,21449,0
21379.038441432367,189.96,121.00000000000118,22.8,22.22222222222222,3,15.277777777777777,21449,0
21381.138914031635,187.86,121.00000000000118,22.6,22.22222222222222,3,15.277777777777777,21449,0
21383.235480050054,185.76,121.00000000000118,22.4,22.22222222222222,3,15.277777777777777,21449,0
21385.328144965115,183.67,121.00000000000118,22.2,22.22222222222222,3,15.277777777777777,21449,0
21387.416914239635,181.58,121.00000000000118,22.0,22.22222222222222,3,15.277777777777777,21449,0
21389.50179332181,179.5,121.00000000000118,21.8,22.22222222222222,3,15.277777777777777,21449,0
21391.582787645275,177.42,121.00000000000118,21.6,22.22222222222222,3,15.277777777777777,21449,0
21393.659902629133,175.34,121.00000000000118,21.4,22.22222222222222,3,15.277777777777777,21449,0
21395.73314367802,173.27,121.00000000000118,21.2,22.22222222222222,3,15.277777777777777,21449,0
21397.802516182146,171.2,121.00000000000118,21.0,22.22222222222222,3,15.277777777777777,21449,0
21399.868025517353,169.13,121.00000000000118,20.8,22.22222222222222,3,15.277777777777777,21449,0
21401.92967704515,167.07,121.00000000000118,20.6,22.22222222222222,3,15.277777777777777,21449,0
21403.987476112776,165.01,121.00000000000118,20.4,22.22222222222222,3,15.277777777777777,21449,0
21406.04142805323,162.96,121.00000000000118,20.2,22.22222222222222,0,15.277777777777777,21449,0
21408.092126185347,160.91,121.00000000000118,20.0,22.22222222222222,0,15.277777777777777,21449,0
21410.140163002794,158.86,121.00000000000118,19.8,22.22222222222222,0,15.277777777777777,21449,0
21412.18554217701,156.81,121.00000000000118,19.6,22.22222222222222,0,15.277777777777777,21449,0
21414.22826737112,154.77,121.00000000000118,19.4,22.22222222222222,0,15.277777777777777,21449,0
21416.268342239968,152.73,121.00000000000118,19.2,22.22222222222222,0,15.277777777777777,21449,0
21418.30577043014,150.69,121.00000000000118,19.0,22.22222222222222,0,15.277777777777777,21449,0
21420.34055557998,148.66,121.00000000000118,18.8,22.22222222222222,0,15.277777777777777,21449,0
21422.37270131963,146.63,121.00000000000118,18.6,22.22222222222222,0,15.277777777777777,21449,0
21424.40221127104,144.6,121.00000000000118,18.4,22.22222222222222,0,15.277777777777777,21449,0
21426.429089048004,142.57,121.00000000000118,18.2,22.22222222222222,0,15.277777777777777,21449,0
21428.453338256175,140.55,121.00000000000118,18.0,22.22222222222222,0,15.277777777777777,21449,0
21430.474962493092,138.53,121.00000000000118,17.8,22.22222222222222,0,15.277777777777777,21449,0
21432.49396534821,136.51,121.00000000000118,17.6,22.22222222222222,0,15.277777777777777,21449,0
21434.510350402918,134.49,121.00000000000118,17.4,22.22222222222222,0,15.277777777777777,21449,0
21436.524121230563,132.48,121.00000000000118,17.2,22.22222222222222,0,15.277777777777777,21449,0
21438.535281396475,130.46,121.00000000000118,17.0,22.22222222222222,0,15.277777777777777,21449,0
21440.543834457992,128.46,121.00000000000118,16.8,22.22222222222222,0,15.277777777777777,21449,0
21442.549783964485,126.45,121.00000000000118,16.6,22.22222222222222,0,15.277777777777777,21449,0
21444.55313345737,124.45,121.00000000000118,16.4,22.22222222222222,0,15.277777777777777,21449,0
21446.553886470156,122.45,121.00000000000118,16.2,22.22222222222222,0,15.277777777777777,21449,0
21448.55204652844,120.45,121.00000000000118,16.0,22.22222222222222,0,15.277777777777777,21449,0
21450.547617149947,118.45,121.00000000000118,15.8,15.277777777777777,0,0.0,21569,0
21452.540601844554,116.46,121.00000000000118,15.6,15.277777777777777,0,0.0,21569,0
21454.531004114306,114.47,121.00000000000118,15.4,15.277777777777777,0,0.0,21569,0
21456.518827453445,112.48,121.00000000000118,15.2,15.277777777777777,0,0.0,21569,0
21458.504075348425,110.5,121.00000000000118,15.0,15.277777777777777,0,0.0,21569,0
21460.486751277942,108.51,121.00000000000118,14.8,15.277777777777777,0,0.0,21569,0
21462.466858712956,106.53,121.00000000000118,14.6,15.277777777777777,0,0.0,21569,0
21464.44440111671,104.56,121.00000000000118,14.4,15.277777777777777,0,0.0,21569,0
21466.41938194476,102.58,121.00000000000118,14.2,15.277777777777777,0,0.0,21569,0
21468.391804644994,100.61,121.00000000000118,14.0,15.277777777777777,0,0.0,21569,0
21470.361672657644,98.64,121.00000000000118,13.8,15.277777777777777,0,0.0,21569,0
21472.328989415324,96.67,121.00000000000118,13.6,15.277777777777777,0,0.0,21569,0
21474.293758343047,94.71,121.00000000000118,13.4,15.277777777777777,0,0.0,21569,0
21476.255982858245,92.74,121.00000000000118,13.2,15.277777777777777,0,0.0,21569,0
21478.215666370794,90.78,121.00000000000118,13.0,15.277777777777777,0,0.0,21569,0
21480.17281228303,88.83,121.00000000000118,12.8,15.277777777777777,0,0.0,21569,0
21482.127423989783,86.87,121.00000000000118,12.6,15.277777777777777,0,0.0,21569,0
21484.079504878384,84.92,121.00000000000118,12.4,15.277777777777777,0,0.0,21569,0
21486.0290583287,82.97,121.00000000000118,12.2,15.277777777777777,0,0.0,21569,0
21487.97608771314,81.02,121.00000000000118,12.0,15.277777777777777,0,0.0,21569,0
21489.920596396707,79.08,121.00000000000118,11.8,15.277777777777777,0,0.0,21569,0
21491.862587736978,77.14,121.00000000000118,11.6,15.277777777777777,0,0.0,21569,0
21493.80206508416,75.2,121.00000000000118,11.4,15.277777777777777,0,0.0,21569,0
21495.739031781097,73.26,121.00000000000118,11.2,15.277777777777777,0,0.0,21569,0
21497.673491163285,71.33,121.00000000000118,11.0,15.277777777777777,0,0.0,21569,0
21499.605446558908,69.39,121.00000000000118,10.8,15.277777777777777,0,0.0,21569,0
21501.534901288855,67.47,121.00000000000118,10.6,15.277777777777777,0,0.0,21569,0
21503.46185866673,65.54,121.00000000000118,10.4,15.277777777777777,0,0.0,21569,0
21505.38632199889,63.61,121.00000000000118,10.2,15.277777777777777,0,0.0,21569,0
21507.308294584447,61.69,121.00000000000118,10.0,15.277777777777777,0,0.0,21569,0
21509.227779715315,59.77,121.00000000000118,9.8,15.277777777777777,0,0.0,21569,0
21511.1447806762,57.86,121.00000000000118,9.6,15.277777777777777,0,0.0,21569,0
21513.059300744644,55.94,121.00000000000118,9.4,15.277777777777777,0,0.0,21569,0
21514.971343191035,54.03,121.00000000000118,9.2,15.277777777777777,0,0.0,21569,0
21516.880911278633,52.12,121.00000000000118,9.0,15.277777777777777,0,0.0,21569,0
21518.788008263586,50.21,121.00000000000118,8.8,15.277777777777777,0,0.0,21569,0
21520.69263739495,48.31,121.00000000000118,8.6,15.277777777777777,0,0.0,21569,0
21522.577714496103,46.42,121.00000000000118,8.4,15.277777777777777,0,0.0,21569,-1
21524.426177658206,44.57,121.00000000000118,8.2,15.277777777777777,0,0.0,21569,-1
21526.238074323737,42.76,121.00000000000118,8.0,15.277777777777777,0,0.0,21569,-1
21528.01345125956,40.99,121.00000000000118,7.8,15.277777777777777,0,0.0,21569,-1
21529.752354560154,39.25,121.00000000000118,7.6,15.277777777777777,0,0.0,21569,-1
21531.4548296508,37.55,121.00000000000118,7.4,15.277777777777777,0,0.0,21569,-1
21533.12092129072,35.88,121.00000000000118,7.2,15.277777777777777,0,0.0,21569,-1
21534.75067357614,34.25,121.00000000000118,7.0,15.277777777777777,0,0.0,21569,-1
21536.344129943347,32.66,121.00000000000118,6.8,15.277777777777777,0,0.0,21569,-1
21537.901333171638,31.1,121.00000000000118,6.6,15.277777777777777,0,0.0,21569,-1
21539.422325386262,29.58,121.00000000000118,6.4,15.277777777777777,0,0.0,21569,-1
21540.90714806131,28.09,121.00000000000118,6.2,15.277777777777777,0,0.0,21569,-1
21542.355842022524,26.64,121.00000000000118,6.0,15.277777777777777,0,0.0,21569,-1
21543.768447450097,25.23,121.00000000000118,5.8,15.277777777777777,0,0.0,21569,-1
21545.145003881393,23.85,121.00000000000118,5.6,15.277777777777777,0,0.0,21569,-1
21546.48555021364,22.51,121.00000000000118,5.4,15.277777777777777,0,0.0,21569,-1
21547.790124706567,21.21,121.00000000000118,5.2,15.277777777777777,0,0.0,21569,-1
21549.058764984984,19.94,121.00000000000118,5.0,15.277777777777777,0,0.0,21569,-1
21550.291508041337,18.71,121.00000000000118,4.8,15.277777777777777,0,0.0,21569,-1
21551.488390238206,17.51,121.00000000000118,4.6,15.277777777777777,0,0.0,21569,-1
21552.64944731075,16.35,121.00000000000118,4.4,15.277777777777777,0,0.0,21569,-1
21553.774714369105,15.23,121.00000000000118,4.2,15.277777777777777,0,0.0,21569,-1
21554.86422590077,14.14,121.00000000000118,4.0,15.277777777777777,0,0.0,21569,-1
21555.918015772888,13.08,121.00000000000118,3.8,15.277777777777777,0,0.0,21569,-1
21556.936117234545,12.06,121.00000000000118,3.6,15.277777777777777,0,0.0,21569,-1
21557.91856291898,11.08,121.00000000000118,3.4,15.277777777777777,0,0.0,21569,-1
21558.865384845776,10.13,121.00000000000118,3.2,15.277777777777777,0,0.0,21569,-1
21559.776614422986,9.22,121.00000000000118,3.0,15.277777777777777,0,0.0,21569,-1
21560.652282449242,8.35,121.00000000000118,2.8,15.277777777777777,0,0.0,21569,-1
21561.4924191158,7.51,121.00000000000118,2.6,15.277777777777777,0,0.0,21569,-1
21562.29705400854,6.7,121.00000000000118,2.4,15.277777777777777,0,0.0,21569,-1
21563.06621610996,5.93,121.00000000000118,2.2,15.277777777777777,0,0.0,21569,-1
21563.799933801067,5.2,121.00000000000118,2.0,15.277777777777777,0,0.0,21569,-1
21564.49823486328,4.5,121.00000000000118,1.8,15.277777777777777,0,0.0,21569,-1
21565.161146480263,3.84,121.00000000000118,1.6,15.277777777777777,0,0.0,21569,-1
21565.788695239728,3.21,121.00000000000118,1.4,15.277777777777777,0,0.0,21569,-1
21566.380907135193,2.62,121.00000000000118,1.2,15.277777777777777,0,0.0,21569,-1
21566.937807567694,2.06,121.00000000000118,1.0,15.277777777777777,0,0.0,21569,-1
21567.459421347463,1.54,121.00000000000118,0.8,15.277777777777777,0,0.0,21569,-1
21567.94577269557,1.05,121.00000000000118,0.6,15.277777777777777,0,0.0,21569,-1
21568.396885245507,0.6,121.00000000000118,0.4,15.277777777777777,0,0.0,21569,-1
21568.81278204476,0.19,121.00000000000118,0.2,15.277777777777777,0,0.0,21569,-1
21569.193485556305,-0.19,121.00000000000118,0.0,0.0,0,0.0,21569,-1
