,s,vbar,v,t,p,acc
0,0.0,0.0,0.1,0.0,0.0,0.6
1,0.09518683232090552,0.03209924,0.4518683232272,0.2,0.0,-0.22135647760000002
2,0.17808298533418565,0.25567524583521545,0.3770932069130716,0.4,0.0,-0.6300833258978696
3,0.2611387924698647,0.3785234712755849,0.4534648644386201,0.6000000000000001,0.30935092624585103,0.028055647056671233
4,0.3606504733179463,0.5560595568123458,0.5416519440473997,0.8,0.42421386143308226,0.31841282988407466
5,0.47606113020447083,0.6880756413768873,0.6124546248215574,1.0,0.41546030380085547,0.4472181819800396
6,0.6071975752893195,0.8162564282792896,0.6989098260364888,1.2,0.5631049439338447,0.6342904288067338
7,0.7526530510076554,0.945862871413738,0.7556449311486544,1.4,0.4410952625132951,0.7757159644461746
8,0.9094099302710674,1.0760954504238613,0.8119238615018367,1.5999999999999999,0.47376372649392906,1.0
9,1.0782499239103345,1.203117182894144,0.8764760748742652,1.7999999999999998,0.5745321257689787,1.0
10,1.261797643994214,1.3244061624721917,0.9590011259760114,1.9999999999999998,0.7735284230774399,1.0
11,1.4639893054700224,1.448351395406957,1.0629154887703518,2.1999999999999997,1.0460351769072862,1.0
12,1.6898823735973565,1.5749212246648723,1.1960151924878817,2.4,1.4613174011467547,1.0
13,1.9443375336268218,1.70298213820575,1.348536407815133,2.6,1.8708029240183657,1.0
14,2.2305880432577396,1.8389458055327155,1.5139686884877255,2.8000000000000003,2.2796303337383215,1.0
15,2.550781962734618,1.9822327801365298,1.6879705062820443,3.0000000000000004,2.686711794468471,1.0
16,2.906343643720902,2.129572694136691,1.8676463035932904,3.2000000000000006,3.0902128044777277,1.0
17,3.2982147273833107,2.2819613077219256,2.051064533013016,3.400000000000001,3.489014527040407,1.0
18,3.727014815362054,2.4396606464413084,2.2369363467574424,3.600000000000001,3.8828149132314254,1.0
19,4.193148588463373,2.601722328589126,2.424401384267257,3.800000000000001,4.271874376653927,1.0
20,4.69687722279923,2.7673700137921777,2.6128849590813465,4.000000000000001,4.656747630072371,1.0
21,5.238366003337433,2.935974177156233,2.8020028462862094,4.200000000000001,5.038090658844462,1.0
22,5.81771606843904,3.106884381229426,2.9914978047136773,4.400000000000001,5.4165454129162285,1.0
23,6.4349855745567766,3.2789550675143526,3.181197256469056,4.600000000000001,5.792682014370265,1.0
24,7.090203807401849,3.452939798255223,3.370985071964459,4.800000000000002,6.166977461306669,1.0
25,7.783380590502929,3.628518457898473,3.5607827590626644,5.000000000000002,6.5398149213338215,1.0
26,8.514512558602291,3.805430892434639,3.750536921933992,5.200000000000002,6.9114931427011514,1.0
27,9.283587340789381,3.9834640622002904,3.9402108999312655,5.400000000000002,7.282239709909772,1.0
28,10.090586350110243,4.162442146360419,4.129779193285363,5.600000000000002,7.652224709080827,1.0
29,10.93548664411719,4.342218907167331,4.319223746776649,5.8000000000000025,8.02157313375239,1.0
30,11.818262166005297,4.522671777033455,4.508531472120942,6.000000000000003,8.390375386108301,1.0
31,12.738884572838288,4.703697258021302,4.697692596207801,6.200000000000003,8.75869577960907,1.0
32,13.697323788452195,4.885207322658835,4.886699559935391,6.400000000000003,9.126579214958744,1.0
33,14.693548372859368,5.067126581082827,5.075546284128433,6.600000000000003,9.494056305143951,1.0
34,15.727525769292697,5.249390037146646,5.264227680190556,6.800000000000003,9.861147242846476,1.0
35,16.799222469704546,5.431941299444156,5.452739323920918,7.0000000000000036,10.227864679653411,1.0
36,17.908604125907004,5.6147311456600395,5.641077238112167,7.200000000000004,10.594215846333238,1.0
37,19.05563562448515,5.797716362944482,5.829237747672536,7.400000000000004,10.96020410029263,1.0
38,20.240281137561396,5.980858805268176,6.017217383099313,7.600000000000004,11.325830046539854,1.0
39,21.462504157490912,6.164124622378611,6.20501281618766,7.800000000000004,11.69109234456633,1.0
40,22.722267520832247,6.347483625323408,6.392620817230208,8.000000000000004,12.055988286004698,1.0
41,24.019533425209374,6.530908761325367,6.580038226543963,8.200000000000003,12.420514206250493,1.0
42,25.35426344141888,6.714375676758798,6.76726193554865,8.400000000000002,12.784665776582198,1.0
43,26.726418522393942,6.897862351508463,6.954288874212385,8.600000000000001,13.148438210742519,1.0
44,28.135959010091028,7.081348791511542,7.1411160027418425,8.8,13.511826410581714,1.0
45,29.582844640975964,7.264816768982175,7.327740306101573,9.0,13.874825068468898,1.0
46,31.067034550629614,7.4482496019093825,7.514158790418895,9.2,14.237428739145042,1.0
47,32.58848727773511,7.6316319660927565,7.700368480645249,9.399999999999999,14.59963189004618,1.0
48,34.14716076770492,7.814895468760624,7.88636641905457,9.599999999999998,14.96142893650194,1.0
49,35.74301237603868,7.99807207033889,8.072149664299051,9.799999999999997,15.322814266336563,1.0
50,37.37599887155375,8.181164757119902,8.257715290835842,9.999999999999996,15.683782257061859,1.0
51,39.046076439495664,8.364161641680925,8.443060388600376,10.199999999999996,16.044327287902526,1.0
52,40.75320068464134,8.547051652524457,8.628182062843448,10.399999999999995,16.40444374822335,1.0
53,42.49732663433315,8.729824446648857,8.81307743407677,10.599999999999994,16.764126043455427,1.0
54,44.278408741549356,8.912470333346768,8.997743638090167,10.799999999999994,17.123368599286408,1.0
55,46.096400887960044,9.094980207612977,9.182177826015813,10.999999999999993,17.48216586464726,1.0
56,47.95125638700483,9.277345491766145,9.366377164423165,11.199999999999992,17.840512313865542,1.0
57,49.8429279869888,9.459558084127424,9.550338835433607,11.399999999999991,18.198402448241747,1.0
58,51.77136787421841,9.64161031378697,9.73406003684756,11.59999999999999,18.555830797226424,1.0
59,53.73652767613021,9.823494900632054,9.917537982279153,11.79999999999999,18.91279191932095,1.0
60,55.738358464488556,10.005204919935636,10.100769901295244,11.99999999999999,19.269280402786773,1.0
61,57.77681075857254,10.186733770917554,10.283753039556572,12.199999999999989,19.625290866221693,1.0
62,59.85183452842466,10.368075148761385,10.466484658959633,12.399999999999988,19.980817959043467,1.0
63,61.963379198099574,10.549223019661458,10.648962037778283,12.599999999999987,20.335856361908426,1.0
64,64.11139364895644,10.73017159851514,10.831182470804423,12.799999999999986,20.690400787084254,1.0
65,66.29582622298403,10.910915328954731,11.013143269487326,12.999999999999986,21.044445978789973,1.0
66,68.51662472614044,11.091448865423853,11.194841762071308,13.199999999999985,21.397986713512054,1.0
67,70.77373643172177,11.271767057068388,11.376275293731544,13.399999999999984,21.751017800302893,1.0
68,73.06710808376738,11.451864933229922,11.557441226707896,13.599999999999984,22.10353408106581,1.0
69,75.39668590048313,11.631737690360836,11.738336940436646,13.799999999999983,22.455530430829395,1.0
70,77.7624155776939,11.81138068019803,11.918959831680082,13.999999999999982,22.807001758013286,1.0
71,80.16424229232871,11.99078939906228,12.099307314653881,14.199999999999982,23.15794300468656,1.0
72,82.60211070590958,12.169959478160797,12.279376821152251,14.39999999999998,23.508349146819807,1.0
73,85.07596496809128,12.348886674778363,12.459165800670824,14.59999999999998,23.858215194531272,1.0
74,87.585748720212,12.527566864275451,12.63867172052726,14.79999999999998,24.207536192327815,1.0
75,90.13140509886216,12.705996032798133,12.817892065979555,14.999999999999979,24.556307219340574,1.0
76,92.71287673949337,12.884170270637897,12.996824340342052,15.199999999999978,24.90452338955585,1.0
77,95.33010578003814,13.06208576616558,13.17546606509912,15.399999999999977,25.252179852041145,1.0
78,97.9830338645479,13.239738800290858,13.353814780016528,15.599999999999977,25.599271791166462,1.0
79,100.67160214687465,13.41712574138933,13.531868043250455,15.799999999999976,25.945794426821035,1.0
80,103.39575129434525,13.59424304065805,13.709623431454194,15.999999999999975,26.29174301462531,1.0
81,106.1554214914795,13.771087227851714,13.88707853988249,16.199999999999974,26.637112846138415,1.0
82,108.95055244371542,13.947654907370573,14.064230982493536,16.399999999999974,26.981899249060962,1.0
83,111.7810833811709,14.1239427546627,14.24107839204861,16.599999999999973,27.3260975874333,1.0
84,114.6469530623981,14.158632519830734,14.417618420209365,16.799999999999972,27.66970326182915,0.5638671337562737
85,117.51101235956594,14.135015629096037,14.222974551472532,16.99999999999997,0.0,-0.06515964529856406
86,120.37326443252459,14.11141583335933,14.399546178129217,17.19999999999997,27.634528404782806,0.5155192489941349
87,123.23371246490206,14.087833057496248,14.204934145652349,17.39999999999997,0.0,-0.17788644090712064
88,126.08945205004056,14.064267226162114,14.352461705739644,17.59999999999997,23.587130490672322,0.4010522680841704
89,128.9457495242532,14.040742215672873,14.210513036386502,17.79999999999997,0.0,-0.19922836739330024
90,131.79683450426091,14.017214592320032,14.300336763685886,17.999999999999968,15.63163134555316,0.20233158727898498
91,134.64581089500643,13.99373183833353,14.189427143786167,18.199999999999967,0.0,-0.20232965755705595
92,137.48985608282965,13.970268335202194,14.251024734457005,18.399999999999967,11.712491250224131,0.08700968384390975
93,140.33072060678387,13.946847277552266,14.157620505072837,18.599999999999966,0.0,-0.2207898615505018
94,143.1659239218825,13.923454195870368,14.194412645909813,18.799999999999965,8.2669392719341,0.006199562208770182
95,145.99711261540506,13.900109463047245,14.11747428931997,18.999999999999964,0.0,-0.2178988540157545
96,148.81413227396115,13.876799466681677,14.052722296227099,19.199999999999964,0.0,-0.04870121592435781
97,151.62660254107686,13.853607752135623,14.071980374926525,19.399999999999963,5.787131476812095,0.06161913073511689
98,154.43581463466762,13.830455060323532,14.020140560997966,19.599999999999962,0.0,-0.09689890948728389
99,157.23417085989422,13.807330709953717,13.963421691252709,19.79999999999996,0.0,-0.009295863059650532
100,160.02712483832147,13.784297187909853,13.96611809301955,19.99999999999996,3.4828512614939204,0.08200668667248734
101,162.81592766243193,13.761309546215815,13.921910148084184,20.19999999999996,0.0,-0.019207834750829388
102,165.6000799307767,13.73835744351299,13.919612535350518,20.39999999999996,2.787417152560468,0.04293450681120781
103,168.38027614985913,13.715444939988608,13.882349655466191,20.59999999999996,0.0,-0.039534367887312016
104,171.15295812299155,13.692566259119431,13.844470075849557,20.799999999999958,0.0,-0.0007689566614916374
105,173.92070540330678,13.669750628816999,13.833002727287537,20.999999999999957,1.5207780098804689,0.034075674518971
106,176.68399039856013,13.646976770526427,13.799847225239224,21.199999999999957,0.0,-0.016279503880902622
107,179.44264693001605,13.62424074680743,13.786718089309465,21.399999999999956,1.2828773473291741,0.008787740012712385
108,182.19707986671347,13.601543874949847,13.757611277646474,21.599999999999955,0.0,-0.035023363483765134
109,184.94568358678953,13.578882774328754,13.728425923120906,21.799999999999955,0.0,-0.023207251163188246
110,187.68965687907257,13.578966284137994,13.711306999703893,21.999999999999954,0.7279105177384173,0.06019639416084377
111,190.4300859490395,13.75731032396629,13.692983699963172,22.199999999999953,0.5627048131459332,0.6825843031346129
112,193.16694614218068,13.932864763720865,13.675618231437825,22.399999999999952,0.6852315477884484,1.0
113,195.90129919392348,14.106544316671354,13.667912285987255,22.59999999999995,0.6617886424180887,1.0
114,198.63434762866018,14.286273452829622,13.662572061381665,22.79999999999995,0.9738037141352851,1.0
115,201.37063501998273,14.463404267288821,13.700301851826467,22.99999999999995,6.688840259262074,1.0
116,204.11944881084491,14.638177348134404,13.787836056802272,23.19999999999995,13.344541683838804,1.0
117,206.88907911397837,14.810866722912841,13.908466974545242,23.39999999999995,17.882893928728684,1.0
118,209.685031342422,14.978727422313634,14.051055309873089,23.599999999999948,21.03405386699978,1.0
119,212.5109542618011,15.142145093926338,14.2081738839274,23.799999999999947,23.266628017758265,1.0
120,215.3692586742327,15.301602988099374,14.374870240402462,23.999999999999947,24.886453757088756,1.0
121,218.261529874384,15.457461765209745,14.547841761099608,24.199999999999946,26.095506209753438,1.0
122,221.18880262582024,15.610000602825137,14.72488575326304,24.399999999999945,27.028250442503825,1.0
123,224.1517444850797,15.759443505248903,14.904532839341755,24.599999999999945,27.77469107609414,1.0
124,227.15045067947358,15.905976261505678,15.082529104591682,24.799999999999944,27.921312678850445,1.0
125,230.1842824512678,16.04974211035942,15.255788613345727,24.999999999999943,27.60806136960696,1.0
126,233.25231791455008,16.190840338639468,15.42456601947533,25.199999999999942,27.307959559503402,1.0
127,236.35368414938785,16.329352265003305,15.589096328907848,25.39999999999994,27.020377653961877,1.0
128,239.4875534626044,16.465357635271097,15.74959680324133,25.59999999999994,26.74470928497606,1.0
129,242.65314000707076,16.598934284216448,15.906268641405873,25.79999999999994,26.480372463433547,1.0
130,245.84969671815634,16.73015789577018,16.059298469444823,25.99999999999994,26.2268101041828,1.0
131,249.07651253148651,16.85910184015345,16.208859663871543,26.19999999999994,25.98349008637766,1.0
132,252.3329098508948,16.985682419102407,16.355113530229,26.399999999999938,25.7499049734555,1.0
133,255.6182422394486,17.11012891755447,16.498210355291974,26.599999999999937,25.525571487884395,1.0
134,258.93189230984717,17.23251856731197,16.638290348687576,26.799999999999937,25.310029813406675,1.0
135,262.27326979346253,17.35291283758936,16.775484487474404,26.999999999999936,25.102842780261643,1.0
136,265.6418097697424,17.47137099911323,16.909915275338385,27.199999999999935,24.903594975591005,1.0
137,269.03697103992454,17.58795013300699,17.04169742647287,27.399999999999935,24.711891810977765,1.0
138,272.4582346308598,17.702705156967088,17.170938482861956,27.599999999999934,24.527358571153755,1.0
139,275.90510241640004,17.815688864534252,17.29773937253907,27.799999999999933,24.349639461792663,1.0
140,279.3770958451969,17.926951974114544,17.422194915414178,27.999999999999932,24.178396669577136,1.0
141,282.8737547649798,18.036543185089567,17.54439428242562,28.199999999999932,24.01330944408322,1.0
142,286.3946363345276,18.14450923890025,17.664421413053862,28.39999999999993,23.854073208210217,1.0
143,289.9393140153952,18.25089498343136,17.782355395615973,28.59999999999993,23.700398701725092,1.0
144,293.50737663637847,18.290777645513725,17.89827081422607,28.79999999999993,23.552011160834073,1.0
145,297.09842752438635,18.269809734647847,18.012238065845303,28.99999999999993,23.40864953543644,1.0
146,300.71208369601663,18.248726243938698,18.12432365044459,29.19999999999993,23.270065744758927,1.0
147,304.3479751047562,18.22752978890983,18.234590436955383,29.399999999999928,23.13602397135753,1.0
148,308.0057439391894,18.20622289935863,18.343097907380443,29.599999999999927,23.006299992945824,1.0
149,311.68504396804565,18.1848080238669,18.4499023811719,29.799999999999926,22.880680551125106,1.0
150,315.3855399283384,18.16328753401214,18.55505722175202,29.999999999999925,22.758962755820153,1.0
151,319.10690695319863,18.141663728303378,18.658613026849,30.199999999999925,22.64095352404419,0.8039275719777036
152,322.84883003629875,18.119938835863238,18.760617804141415,30.399999999999924,22.526469051493496,0.39606461765754614
153,326.5816172062041,18.098115019876033,18.567253894910003,30.599999999999923,0.0,-0.014880908385732597
154,330.3054051770159,18.076365533249902,18.670625813204307,30.799999999999923,22.627381333114553,0.5295976609074826
155,334.0497129741889,18.054689413939567,18.77245215850818,30.999999999999922,22.513297623510315,0.05816487209569736
156,337.78684954517666,18.032914894354793,18.59891355136182,31.19999999999992,0.0,-0.35672052387625025
157,341.5145855357623,18.0112031189301,18.67844635450904,31.39999999999992,18.370891538313476,0.1185828846649117
158,345.237734626513,17.9895668894605,18.553044553011933,31.59999999999992,0.0,-0.2768561539561466
159,348.95339961567515,17.967978130939155,18.60360533861836,31.79999999999992,13.085994195126597,0.04047540476527774
160,352.66468713408176,17.94645353170749,18.509269845453144,31.99999999999992,0.0,-0.250389543726425
161,356.358743343746,17.924974978043082,18.4312922511982,32.19999999999992,0.0,-0.03788795240081977
162,360.04840441441047,17.903616689212893,18.465318455451417,32.39999999999992,9.992936440872437,0.09706190333911073
163,363.73529210245033,17.882304235386645,18.403558424929585,32.59999999999992,0.0,-0.12632651680401003
164,367.4095018325388,17.861028171930364,18.338538875943684,32.799999999999926,0.0,-0.018261905758306617
165,371.07818999608935,17.839845536184168,18.348342759575843,32.99999999999993,5.59219551134963,0.0839978228100681
166,374.74295817332677,17.818714891956784,18.29933901280861,33.19999999999993,0.0,-0.05553772104555388
167,378.40334437244746,17.797627044559906,18.30452297838911,33.399999999999935,4.744165068591366,0.009877344416571976
168,382.0601967584662,17.776584868009746,18.264000881787744,33.59999999999994,0.0,-0.11130577689837443
169,385.70902693674725,17.755582985074035,18.224300901010658,33.79999999999994,0.0,-0.07410093854497193
170,389.35016433196506,17.734647055504833,18.187073051177126,33.99999999999994,0.0,-0.047339248143220124
171,392.9843276299289,17.71377504974485,18.154559928465865,34.199999999999946,0.0,-0.027151237435380615
172,396.61162804223204,17.692962718118054,18.11844419456977,34.39999999999995,0.0,-0.020675707400671105
173,400.231716197115,17.672209299448987,18.08243735426879,34.59999999999995,0.0,-0.0006305505983152937
174,403.8474071441851,17.651516666014793,18.074472116425973,34.799999999999955,2.297708509121093,0.01944720703474556
175,407.4591457140268,17.6308686251287,18.042913581973696,34.99999999999996,0.0,-0.050816813554931485
176,411.0647923575998,17.610262556832513,18.013552853751218,35.19999999999996,0.0,-0.03919142275525567
177,414.66484874692105,17.589710571551137,17.987011039456746,35.39999999999996,0.0,-0.03862447550695038
178,418.25966070881987,17.569209704350055,17.961108579531732,35.599999999999966,0.0,-0.0461232735027274
179,421.8491273819636,17.548757887127124,17.93355815189428,35.79999999999997,0.0,-0.05463044781901529
180,425.43305374876945,17.5283555966373,17.905705516170396,35.99999999999997,0.0,-0.05715869080244316
181,429.0113951929525,17.508003842149215,17.877708925667275,36.199999999999974,0.0,-0.05844759871868184
182,432.58407968765096,17.487702776349245,17.849136021316227,36.39999999999998,0.0,-0.05872246487483697
183,436.15095652096716,17.467452706539273,17.819632311830755,36.59999999999998,0.0,-0.056529498170641415
184,439.7118558692673,17.44725438413347,17.789361171169787,36.79999999999998,0.0,-0.05075950208575839
185,443.2666434274179,17.427108665772533,17.758514410335692,36.999999999999986,0.0,-0.0419543784654254
186,446.81522362907344,17.4070162042136,17.727287606238146,37.19999999999999,0.0,-0.030655597612234863
187,450.35754995226307,17.386977431080503,17.6959756256481,37.39999999999999,0.0,-0.01742336889049363
188,453.8936488284271,17.36699249975267,17.66501313598914,37.599999999999994,0.0,-0.003153404998025655
189,457.4256282159258,17.34706115192247,17.65478073900887,37.8,1.70661741178931,0.010803719957573144
190,460.9537014155685,17.327171413257307,17.625951257418507,38.0,0.0,-0.04196256134494105
191,464.47618761337435,17.307322008027498,17.598910720626336,38.2,0.0,-0.03041260361764788
192,467.9934817027315,17.28752230763949,17.57403017295002,38.400000000000006,0.0,-0.027721247175641596
193,471.5058940826966,17.267769997098362,17.55009362670896,38.60000000000001,0.0,-0.031134666174981153
194,475.013375864979,17.248063243572357,17.524724196122467,38.80000000000001,0.0,-0.03674679990203851
195,478.5157671599445,17.228402234037457,17.499188753522503,39.000000000000014,0.0,-0.0371051288050497
196,482.0130600019438,17.208787776136603,17.473739666458123,39.20000000000002,0.0,-0.03672372062137204
197,485.5052477457575,17.189219824720016,17.44813777167097,39.40000000000002,0.0,-0.036159473992539826
198,488.99226926851406,17.16969832732182,17.422077455901267,39.60000000000002,0.0,-0.03458479613838759
199,492.4740476077641,17.150223535735826,17.395705936599022,39.800000000000026,0.0,-0.031038433438236
200,495.9505352677188,17.130795789110394,17.36917066294279,40.00000000000003,0.0,-0.026030074558494265
201,499.42171053520724,17.111415261048077,17.342582011938294,40.20000000000003,0.0,-0.019988967307010365
202,502.88757681586867,17.0920819808627,17.316080794682346,40.400000000000034,0.0,-0.013232731669144782
203,506.3481741012838,17.072795837919582,17.289892059456644,40.60000000000004,0.0,-0.006192665437683975
204,509.80483332771473,17.053556518524132,17.27670020484561,40.80000000000004,1.0445392810733918,0.00042231790060778276
205,513.2576871424644,17.03435654086957,17.251837942635742,41.00000000000004,0.0,-0.03473417884329708
206,516.7056679317648,17.015195098454925,17.22796995035445,41.200000000000045,0.0,-0.02948850154072715
207,520.1489898116706,16.996078041188078,17.205248848691873,41.40000000000005,0.0,-0.029339188003527084
208,523.5878837712226,16.977004099090728,17.183690746837634,41.60000000000005,0.0,-0.032313149373762194
209,527.0223161881768,16.95797191325436,17.160633422693245,41.800000000000054,0.0,-0.03850278004460865
210,530.4520739107356,16.938981592465378,17.13694380290608,42.00000000000006,0.0,-0.03929266232455697
211,533.8770542229868,16.92003423670077,17.112859319597163,42.20000000000006,0.0,-0.03794539209578589
212,537.2971731518483,16.901130332452823,17.088329969004093,42.40000000000006,0.0,-0.03501973113384449
213,540.7123169869956,16.882270261043537,17.063108382471796,42.600000000000065,0.0,-0.030277736035561297
214,544.1223668656239,16.86345456616842,17.037390403795865,42.80000000000007,0.0,-0.02289196754754159
215,547.5272508179623,16.84468381785853,17.011449119579776,43.00000000000007,0.0,-0.013504403863886072
216,550.9269528874938,16.825958326153543,16.985571575722467,43.200000000000074,0.0,-0.002932761507146009
217,554.3228577355549,16.807278092144383,16.973476904871763,43.40000000000008,1.1061588500777242,0.007957862490024259
218,557.715076191871,16.788635428158425,16.948707658274493,43.60000000000008,0.0,-0.025525666115216762
219,561.1024555523945,16.77002966013325,16.92508594697613,43.80000000000008,0.0,-0.01521361594593742
220,564.4852589642687,16.75146704018066,16.90294817176174,44.000000000000085,0.0,-0.010674353761605571
221,567.8637015188251,16.732946046537407,16.881477373806167,44.20000000000009,0.0,-0.010312598516585702
222,571.2377785927783,16.714465425593463,16.859293365739536,44.40000000000009,0.0,-0.011488105286362394
223,574.6074416261872,16.6960252429474,16.83733696835282,44.600000000000094,0.0,-0.0099019867104003
224,577.9727602359926,16.677625616893273,16.815849129715453,44.8000000000001,0.0,-0.008851764617797419
225,581.3338162829095,16.659266048706865,16.794711339457436,45.0000000000001,0.0,-0.00894763830176557
226,584.6906616188171,16.640946019560765,16.77374201962978,45.2000000000001,0.0,-0.009782376027623307
227,588.0433362550539,16.622665175649125,16.753004342720736,45.400000000000105,0.0,-0.010807415957592081
228,591.3918871341848,16.604423228692195,16.73250444859042,45.60000000000011,0.0,-0.012273642135747354
229,594.7363545637636,16.586219853686227,16.71216984719654,45.80000000000011,0.0,-0.014201002622501258
230,598.0767618413738,16.568054762688437,16.69190292891778,46.000000000000114,0.0,-0.016364778250380484
231,601.4131147348271,16.549927760910194,16.671626005624674,46.20000000000012,0.0,-0.018469457608395978
232,604.7454031322959,16.531838749125853,16.6512579690625,46.40000000000012,0.0,-0.02028335947037624
233,608.0736003450329,16.513787714323747,16.630714158297206,46.60000000000012,0.0,-0.02155475142423351
234,611.3976640193396,16.495774733100625,16.60992258476944,46.800000000000125,0.0,-0.022015862753097536
235,614.7175402216853,16.47779996634306,16.588839438700333,47.00000000000013,0.0,-0.021435604102468208
236,618.0331696788089,16.459863636806368,16.56745513252584,47.20000000000013,0.0,-0.019667700666420974
237,621.344495155703,16.441965995186777,16.545799636398826,47.400000000000134,0.0,-0.01666908563756019
238,624.6514698265237,16.424107280238683,16.52394707181729,47.600000000000136,0.0,-0.012518260145604776
239,627.9540661631254,16.406287673753774,16.50201629418164,47.80000000000014,0.0,-0.007431714355994911
240,631.2522843522893,16.38850725299007,16.480165597466495,48.00000000000014,0.0,-0.0017677064565862154
241,634.5469157899097,16.37076594588286,16.46614877875023,48.200000000000145,0.6057004043278565,0.0039882898193924435
242,637.8380326024817,16.353059431386058,16.445019346971122,48.40000000000015,0.0,-0.015425975441762375
243,641.1249899936847,16.335387262812873,16.424554565049544,48.60000000000015,0.0,-0.010202719076193911
244,644.4079377381458,16.317752838467467,16.40492287954458,48.80000000000015,0.0,-0.008245131068551136
245,647.6870010440944,16.3001552886843,16.38571017994238,49.000000000000156,0.0,-0.008588023725641936
246,650.9621746796256,16.282593878202697,16.36602617536385,49.20000000000016,0.0,-0.009897703788479284
247,654.2334162487059,16.265068571717975,16.346389515433444,49.40000000000016,0.0,-0.009377583931164446
248,657.5007479543056,16.24757953252066,16.32692754056825,49.600000000000165,0.0,-0.008865536178803146
249,660.7641978573665,16.230126578427807,16.3075714900442,49.80000000000017,0.0,-0.00867425158235553
250,664.0237761144017,16.212709496562365,16.288211080308944,50.00000000000017,0.0,-0.00856307563819263
251,667.2794867133925,16.195328170110827,16.26889490958248,50.20000000000017,0.0,-0.008190777473903043
252,670.5313416779463,16.177982515425487,16.24965473594977,50.400000000000176,0.0,-0.007735686448473533
253,673.779356176161,16.160672406321233,16.230490246214032,50.60000000000018,0.0,-0.007292522943342128
254,677.0235447839514,16.143397700255296,16.21139583168276,50.80000000000018,0.0,-0.006856780863199574
255,680.2639228783773,16.12615825824136,16.192385112594607,51.000000000000185,0.0,-0.0064130799481689595
256,683.5005086502897,16.108953937441743,16.173472606524264,51.20000000000019,0.0,-0.006009470437490905
257,686.7333226213741,16.091784580514446,16.154667104327082,51.40000000000019,0.0,-0.005693954398040929
258,689.962386719948,16.074650018233598,16.13597388139374,51.60000000000019,0.0,-0.005496601659990524
259,693.187723797706,16.057550074431976,16.11739689616931,51.800000000000196,0.0,-0.005437724839452929
260,696.4093570898367,16.040484568586344,16.098936025153396,52.0000000000002,0.0,-0.005534386308630845
261,699.6273092152442,16.023453318688592,16.080585228919677,52.2000000000002,0.0,-0.005790856994156435
262,702.8416009912398,16.006456146530144,16.062332531038077,52.400000000000205,0.0,-0.006192929120292507
263,706.0522503101711,15.989492883937446,16.044160658269632,52.60000000000021,0.0,-0.006707839836899249
264,709.2592711446523,15.972563378649328,16.026047686545162,52.80000000000021,0.0,-0.0072859877348528225
265,712.4626727459508,15.955667499487225,16.007968326451564,53.00000000000021,0.0,-0.00786257625481956
266,715.6624591798536,15.938805140482652,15.989896012567531,53.200000000000216,0.0,-0.008361382440549514
267,718.858629334256,15.921976223209626,15.97180553143997,53.40000000000022,0.0,-0.008701100864604105
268,722.0511774765873,15.905180696628115,15.953675891877056,53.60000000000022,0.0,-0.008803415728154417
269,725.2400943902867,15.888418534042763,15.93549324511723,53.800000000000225,0.0,-0.00860192177922513
270,728.4253690733094,15.871689727041218,15.917253585114532,54.00000000000023,0.0,-0.008051341032800923
271,731.6069909196121,15.854994276519426,15.898964877913821,54.20000000000023,0.0,-0.007136197161262925
272,734.784952234575,15.838332181224441,15.88064827170007,54.40000000000023,0.0,-0.0058778427604838255
273,737.9592508717142,15.821703424609282,15.862338099681557,54.600000000000236,0.0,-0.004338737251579267
274,741.129892728215,15.805107961120823,15.844080465316534,54.80000000000024,0.0,-0.002623048188769156
275,744.2968938054328,15.788545703294316,15.82593030686201,55.00000000000024,0.0,-0.0008728706928627593
276,747.4605696420913,15.772016511182862,15.810828059739231,55.200000000000244,0.2214754748019646,0.0007403185565105831
277,750.6209588706042,15.755518684099485,15.793064225390038,55.40000000000025,0.0,-0.007368293124405484
278,753.7778228553761,15.739051969003407,15.775575622319385,55.60000000000025,0.0,-0.006179130905515406
279,756.9312202001383,15.722617556275386,15.758397825308295,55.80000000000025,0.0,-0.0062426296223552615
280,760.0812046287356,15.706215086965233,15.74144646065049,56.000000000000256,0.0,-0.007103383348465492
281,763.2277707281173,15.689844228609404,15.724214533154374,56.20000000000026,0.0,-0.008496962644795897
282,766.3708807807016,15.673504956708687,15.70688599268254,56.40000000000026,0.0,-0.008799140586656267
283,769.5105193581403,15.657197414292762,15.689499781696277,56.600000000000264,0.0,-0.008691792630215172
284,772.6466722052428,15.64092162835623,15.67202868934424,56.80000000000027,0.0,-0.008257321282660124
285,775.7793169872893,15.624677619660293,15.65441913110532,57.00000000000027,0.0,-0.0073938027741205555
286,778.9084297292029,15.608465450618278,15.636708288045503,57.20000000000027,0.0,-0.0059247949044678675
287,782.0339953836228,15.592285191842612,15.618948256152974,57.400000000000276,0.0,-0.003971788806740234
288,785.1560097622423,15.576136867539045,15.601195530049559,57.60000000000028,0.0,-0.0016891246957272954
289,788.2747927987439,15.560020445736395,15.586634834949534,57.80000000000028,0.23632592438656377,0.0007542024901398743
290,791.3903670424079,15.543934223600566,15.569107601703521,58.000000000000284,0.0,-0.007016781565525132
291,794.5024604532882,15.527878035708945,15.551826507096578,58.20000000000029,0.0,-0.004478104983987971
292,797.6111303154066,15.511853233241453,15.534872114084544,58.40000000000029,0.0,-0.003150575639927616
293,800.7164383238378,15.495859469331934,15.518207970221606,58.60000000000029,0.0,-0.0026685796249264677
294,803.8183921006275,15.479896375541028,15.501329797675377,58.800000000000296,0.0,-0.0029160408957641993
295,806.9169739716745,15.463963862184508,15.484488912787839,59.0000000000003,0.0,-0.0022720976325487224
296,810.0122000401971,15.448061969564268,15.467771772440164,59.2000000000003,0.0,-0.0016420708085536529
297,813.1040951627692,15.432190564668806,15.451179453287486,59.400000000000304,0.0,-0.0012583882812133435
298,816.1926795036816,15.41634947003846,15.434663955831647,59.60000000000031,0.0,-0.0011134158951336182
299,819.2779711703843,15.400538532746436,15.418252711195223,59.80000000000031,0.0,-0.0010565936605056974
300,822.3599927387622,15.384757610823877,15.401962972568121,60.00000000000031,0.0,-0.0011901790311796335
301,825.4387680075051,15.369006539882937,15.385789714843119,60.200000000000315,0.0,-0.0015698929393480276
302,828.5143183390392,15.353285149775237,15.369713600503838,60.40000000000032,0.0,-0.0021819240052854015
303,831.5866612808386,15.33759328327597,15.353715817485233,60.60000000000032,0.0,-0.0029699234743738477
304,834.6558099723734,15.321930803055626,15.337771097867934,60.800000000000324,0.0,-0.003880904953718195
305,837.721771700024,15.306297594617218,15.321846178645728,61.00000000000033,0.0,-0.004839539935961587
306,840.7845466596664,15.290693573553215,15.305903417789585,61.20000000000033,0.0,-0.005744124371043091
307,843.8441276053381,15.275118691710867,15.289906038925011,61.40000000000033,0.0,-0.006478174723260196
308,846.9005003488855,15.25957293882692,15.273821396557386,61.600000000000335,0.0,-0.006926533393897388
309,849.9536449521147,15.244056339835932,15.257624635751707,61.80000000000034,0.0,-0.006985023188072143
310,853.0035377037893,15.228568948680874,15.241302880977454,62.00000000000034,0.0,-0.006571990205665651
311,856.0501538920362,15.213110838178094,15.224859001484988,62.200000000000344,0.0,-0.005641725035033665
312,859.093471194079,15.19768208590623,15.208314018943256,62.40000000000035,0.0,-0.00419666171813104
313,862.1334733926269,15.182282757042557,15.1917079665391,62.60000000000035,0.0,-0.002295471106500155
314,865.170154084044,15.166912885633222,15.175098947621997,62.80000000000035,0.0,-5.652751304224265e-05
315,868.20376155138,15.151572455997531,15.160975725741721,63.000000000000355,0.17805838544450342,0.002344132491046205
316,871.2331416810557,15.13626016749968,15.132825571015712,63.20000000000036,0.0,-0.0031975320360006
317,874.2570930635738,15.11586568928062,15.106688254162561,63.40000000000036,0.12883435890716013,0.020840853205647474
318,877.2757929227591,15.088851944489337,15.080310337698883,63.600000000000364,0.08629428121853853,0.0154149699218391
319,880.289218038648,15.061886202331005,15.053940821196129,63.80000000000037,0.08032365448592489,0.012603765164501984
320,883.2973770968529,15.034968601421028,15.027649760858178,64.00000000000037,0.08463039612638097,0.009829127013813773
321,886.3004023764588,15.008098995704575,15.002603035207333,64.20000000000037,0.25915861201848034,0.006914352774834681
322,889.298466456381,14.981276135569933,14.978037764022718,64.40000000000038,0.32226301307357663,6.681752414367247e-05
323,892.2911693956812,14.954498411947919,14.94899162899059,64.60000000000038,0.0,-0.00807016450326393
324,895.2780799895882,14.927769329598771,14.920114310089028,64.80000000000038,0.0,-0.0014864433937589766
325,898.2596328022701,14.901092672454642,14.895413816738142,65.00000000000038,0.2792221573980413,0.003950965435367712
326,901.2359284688973,14.874464492393804,14.867542849533633,65.20000000000039,0.0,-0.003914723848623525
327,904.206644129099,14.847883824228024,14.839613752469942,65.40000000000039,0.0,-0.0005797711010373074
328,907.1720217732363,14.821353485228075,14.81416268891099,65.60000000000039,0.14856511308150566,0.002542578860677881
329,910.1321156903359,14.794871248488947,14.786776482075883,65.8000000000004,0.0,-0.002194413353954003
330,913.0867428715101,14.76843656382436,14.759495329672625,66.0000000000004,0.0,-4.370286734387135e-05
331,916.0360716837677,14.742051000537444,14.7337927929045,66.2000000000004,0.0910562902757926,0.0015852181227334742
332,918.9801418043025,14.715712990391983,14.706908412441196,66.4000000000004,0.0,-0.001712202658762245
333,921.9188449946123,14.6894221147628,14.680123490641156,66.6000000000004,0.0,-0.0007350703748100221
334,924.8522137491127,14.663179276271393,14.653564054368502,66.80000000000041,0.0,-0.00013575761619689236
335,927.7802769213195,14.636984121125698,14.627067667693785,67.00000000000041,0.0,-7.327066622182937e-05
336,930.7030457357941,14.61083632840016,14.60062047705354,67.20000000000041,0.0,-4.506611859955714e-06
337,933.620592446845,14.584735734944266,14.574846633468825,67.40000000000042,0.039702313909111546,8.180106166901791e-05
338,936.5329414157932,14.55868163294582,14.548643056027911,67.60000000000042,0.0,-0.0018542453305160078
339,939.4400603555041,14.532673742611374,14.52254634108692,67.80000000000042,0.0,-0.0021301537120665044
340,942.3419690605442,14.506712290364932,14.496540709330468,68.00000000000043,0.0,-0.0026864935541224947
341,945.2386837163322,14.480797037865214,14.470605848540169,68.20000000000043,0.0,-0.0033689527593967704
342,948.13020581811,14.45492777932877,14.444615169229905,68.40000000000043,0.0,-0.004117785551091641
343,951.0165257559347,14.429104440491303,14.41858420900839,68.60000000000043,0.0,-0.004526060213231651
344,953.8976346383679,14.40332704660059,14.392504615321752,68.80000000000044,0.0,-0.004663545793693638
345,956.7735213428241,14.377595616828138,14.366362429250412,69.00000000000044,0.0,-0.00449467444406982
346,959.6441719809409,14.351910190615026,14.340143951927665,69.20000000000044,0.0,-0.003969809998701926
347,962.5095726555446,14.326270832451877,14.313862794107296,69.40000000000045,0.0,-0.0030403678281815936
348,965.3697135431103,14.300677607259976,14.287546081547275,69.60000000000045,0.0,-0.001745918459843103
349,968.224591380218,14.275130543928713,14.261232289533897,69.80000000000045,0.0,-0.00016555971062517244
350,971.0743729569767,14.249629613101678,14.236583478038234,70.00000000000045,0.11171830569957118,0.001585505653988968
351,973.9190744129446,14.224173266694901,14.210431081650107,70.20000000000046,0.0,-0.0019057909794461508
352,976.7585629885398,14.198761302528313,14.184454674311056,70.40000000000046,0.0,-7.508763560619828e-05
353,979.5929635637076,14.173394848931952,14.159551077377555,70.60000000000046,0.0575506631467815,0.0010650883739507123
354,982.422307575107,14.14807273300124,14.133889036619014,70.80000000000047,0.0,-0.0010848638282480894
355,985.2465237363649,14.12279461682268,14.108272575959987,71.00000000000047,0.0,-0.0004382665606382938
356,988.0656854076115,14.097561080570204,14.083344136494603,71.20000000000047,0.03569436773021705,6.761690093684687e-05
357,990.8798152048985,14.07237141239183,14.057953836367762,71.40000000000047,0.0,-0.0015032633081072944
358,993.6888722579897,14.047225354060522,14.032616694532093,71.60000000000048,0.0,-0.0013131527582371807
359,996.4928711868197,14.022123214958022,14.007372593769144,71.80000000000048,0.0,-0.0012396011456494251
360,999.291831406932,13.997064808953558,13.982229607344516,72.00000000000048,0.0,-0.001310845554064615
361,1002.0857616287976,13.972049907341392,13.957072611302133,72.20000000000049,0.0,-0.0015488951060734168
362,1004.8746622260587,13.94707837736992,13.931933361311732,72.40000000000049,0.0,-0.0015806746775808554
363,1007.6585380813158,13.922150161100841,13.906825191263618,72.60000000000049,0.0,-0.0015294519961836345
364,1010.4373953289505,13.897265160600996,13.881747285069904,72.8000000000005,0.0,-0.0014311180257451782
365,1013.2112388517417,13.872423267046713,13.856687942830193,73.0000000000005,0.0,-0.0012799525706141935
366,1015.9800729559829,13.847624383100554,13.831653099595561,73.2000000000005,0.0,-0.0010375021429138564
367,1018.7439034865129,13.822868416877935,13.80665220570548,73.4000000000005,0.0,-0.0007242683262401177
368,1021.5027381723849,13.798155263035675,13.781694653012599,73.6000000000005,0.0,-0.0003690921358054787
369,1024.2565866547448,13.773484799674284,13.75679017059198,73.80000000000051,0.0,-5.454848950613142e-07
370,1027.005511567575,13.748856888080446,13.732458957709548,74.00000000000051,0.033924641282336056,0.0003510663438134491
371,1029.7495272399865,13.724270915839412,13.707697766399136,74.20000000000051,0.0,-0.0010107602812793625
372,1032.488599669432,13.699726702734674,13.68302652806643,74.40000000000052,0.0,-0.0007437419712675614
373,1035.222747685999,13.675224501171085,13.658453637587039,74.60000000000052,0.0,-0.0007143415649482225
374,1037.9519867168092,13.650764091288396,13.633936670526422,74.80000000000052,0.0,-0.0008495837872449175
375,1040.6763230569268,13.626345283912787,13.609426730655546,75.00000000000053,0.0,-0.0010134521113783414
376,1043.3957610334182,13.601967971834355,13.58495303424139,75.20000000000053,0.0,-0.0010562006418289491
377,1046.1103082514455,13.577632065731517,13.560519146042608,75.40000000000053,0.0,-0.0010810553146947774
378,1048.819971808236,13.553337447224912,13.536116421880177,75.60000000000053,0.0,-0.0010938522910538622
379,1051.5247571668951,13.529084002750656,13.511737164693566,75.80000000000054,0.0,-0.0010659563750997393
380,1054.22466931288,13.504871633643234,13.48738429516042,76.00000000000054,0.0,-0.0009737023223500202
381,1056.9197138341187,13.480700245787991,13.463060917224245,76.20000000000054,0.0,-0.0008273815312399909
382,1059.6098969124469,13.456569739950915,13.43876986606721,76.40000000000055,0.0,-0.0006359577861098635
383,1062.2952254696065,13.432480011851352,13.414515705513482,76.60000000000055,0.0,-0.0004076896749675055
384,1064.9757076126698,13.408430950850223,13.390305725120937,76.80000000000055,0.0,-0.0001567209979427768
385,1067.6513909868809,13.384422435955113,13.366528017007017,77.00000000000055,0.02469494707987198,9.395133337987694e-05
386,1070.32228690372,13.360453992230957,13.342431151379394,77.20000000000056,0.0,-0.0009211372054251175
387,1072.9883703731393,13.336525470355605,13.318403542827644,77.40000000000056,0.0,-0.0006986309375365506
388,1075.6496559315237,13.312637046528328,13.294452041025536,77.60000000000056,0.0,-0.0006328983476363862
389,1078.3061579955065,13.288788543119182,13.27056859878788,77.80000000000057,0.0,-0.0006709503094362787
390,1080.9578837028894,13.264979783790832,13.246688475030968,78.00000000000057,0.0,-0.0007878935780732885
391,1083.6048364044873,13.241210657672214,13.22283854094991,78.20000000000057,0.0,-0.0007763067589159234
392,1086.247022878124,13.217481088094138,13.199026195420807,78.40000000000057,0.0,-0.0007347870483805404
393,1088.8844504382614,13.193790967925578,13.175249405961242,78.60000000000058,0.0,-0.0006818524449506026
394,1091.5171255312234,13.170140185472336,13.151501523672326,78.80000000000058,0.0,-0.000609628326161786
395,1094.145054349483,13.146528637072068,13.127786658917591,79.00000000000058,0.0,-0.0004969344797689769
396,1096.7682439661476,13.122956221587934,13.104109507735034,79.20000000000059,0.0,-0.0003581898313532311
397,1099.386702308817,13.099422830230726,13.080473918963488,79.40000000000059,0.0,-0.00020784889461564516
398,1102.0004380707687,13.07592834678623,13.056883700548587,79.60000000000059,0.0,-5.779814376262633e-05
399,1104.6094854849543,13.052472648405047,13.033590441296456,79.8000000000006,0.015627100338085124,7.97817701139021e-05
400,1107.213855138023,13.029055383221591,13.010106089377595,80.0000000000006,0.0,-0.0006160447013595228
401,1109.813533906843,13.005676411738904,12.986681598836432,80.2000000000006,0.0,-0.0005198067776631798
402,1112.4085340331803,12.982335807562873,12.963319664541437,80.4000000000006,0.0,-0.0005331939728874417
403,1114.9988670557032,12.959033416861399,12.940010560686773,80.6000000000006,0.0,-0.000616606607450106
404,1117.584539460131,12.935769092319452,12.916713483581978,80.80000000000061,0.0,-0.0007397096274949357
405,1120.1655551503682,12.912542732218823,12.893443418772401,81.00000000000061,0.0,-0.0007726161584986523
406,1122.7419197923373,12.889354258271473,12.870203000904414,81.20000000000061,0.0,-0.0007710184302627179
407,1125.3136390207,12.866203576602285,12.846989282732453,81.40000000000062,0.0,-0.0007401462246795807
408,1127.8807177115523,12.84309059385279,12.82379762577642,81.60000000000062,0.0,-0.0006696614453286093
409,1130.443160566887,12.820015223718611,12.80063092755246,81.80000000000062,0.0,-0.0005446348233530604
410,1133.000972998354,12.79697738169959,12.777493387111841,82.00000000000063,0.0,-0.0003747650830941567
411,1135.5541613089626,12.773976977152678,12.754389718958471,82.20000000000063,0.0,-0.0001726860617677229
412,1138.1027605944255,12.751013911650904,12.731603135685452,82.40000000000063,0.017189949605946574,4.7266806144659684e-05
413,1140.646779475679,12.728087827963108,12.70858567684296,82.60000000000063,0.0,-0.0006381735148018021
414,1143.1862003580063,12.705198607108903,12.685623146437507,82.80000000000064,0.0,-0.00040313605337144904
415,1145.7210349623383,12.682346366249346,12.662722896872065,83.00000000000064,0.0,-0.0002724639154513542
416,1148.251295718237,12.659530959044478,12.639884662100895,83.20000000000064,0.0,-0.00021454254045062438
417,1150.776990230559,12.636752232956642,12.617060461135033,83.40000000000065,0.0,-0.00022902897455194562
418,1153.2981236164233,12.614010079070496,12.594273397509648,83.60000000000065,0.0,-0.00016140297999674494
419,1155.8147041417433,12.591304411085403,12.571531855698032,83.80000000000065,0.0,-9.548553246085633e-05
420,1158.3267409799628,12.568635114558303,12.548836526488584,84.00000000000065,0.0,-5.438421845285341e-05
421,1160.8342429328477,12.546002067068667,12.526183002344924,84.20000000000066,0.0,-3.95993371535553e-05
422,1163.3372186116867,12.523405149737448,12.503573786030795,84.40000000000066,0.0,-3.758503775321241e-05
423,1165.835677029343,12.500844245595399,12.481010390540224,84.60000000000066,0.0,-5.807987570987244e-05
424,1168.329627281284,12.478319234244989,12.458492128866887,84.80000000000067,0.0,-0.00010638243932331975
425,1170.819078169181,12.45582999473151,12.436016750104065,85.00000000000067,0.0,-0.0001809164039340578
426,1173.304038030863,12.433376408935649,12.413581866724359,85.20000000000067,0.0,-0.0002754038117330791
427,1175.7845146527725,12.410958363108989,12.391184352358607,85.40000000000067,0.0,-0.0003832924523002542
428,1178.2605151117423,12.388575748667126,12.368820237326528,85.60000000000068,0.0,-0.0004954964279552046
429,1180.7320456452617,12.366228463621841,12.346485097856503,85.80000000000068,0.0,-0.0006001268772719626
430,1183.1991116179306,12.343916413758384,12.324174628820984,86.00000000000068,0.0,-0.0006837271795002108
431,1185.661717585128,12.321639512945966,12.301885043166738,86.20000000000068,0.0,-0.0007330337393925199
432,1188.1198674400875,12.299397682570694,12.279613506414817,86.40000000000069,0.0,-0.0007361721270587098
433,1190.5735646519533,12.277190850214593,12.25735861223369,86.60000000000069,0.0,-0.0006840284882430744
434,1193.0228125934518,12.255018947510683,12.235120802763563,86.8000000000007,0.0,-0.0005717765236912146
435,1195.4676149371844,12.232881907185115,12.212902634569907,87.0000000000007,0.0,-0.0004002472912515903
436,1197.9079760868372,12.21077965947455,12.190708861972409,87.2000000000007,0.0,-0.0001768340799974212
437,1200.3439276118334,12.188712128222726,12.168806387999107,87.4000000000007,0.015400635030568575,8.415010456028494e-05
438,1202.7754765670252,12.166678991741435,12.14668316390991,87.6000000000007,0.0,-0.00048686196559779833
439,1205.2026058096017,12.144680150122214,12.124609261855165,87.80000000000071,0.0,-0.00018288638734107309
440,1207.625343193824,12.122715722643955,12.10276458035922,88.00000000000071,0.010017795600047688,2.8943410748693244e-05
441,1210.0437002937651,12.100785421632983,12.08080641906819,88.20000000000071,0.0,-0.0003856834762127
442,1212.4576679938546,12.078889106825752,12.058870581811515,88.40000000000072,0.0,-0.0002856895595961525
443,1214.8672531671036,12.057026825495786,12.036981150696827,88.60000000000072,0.0,-0.00017330526982918797
444,1217.2724656936734,12.035198480389774,12.015144114985812,88.80000000000072,0.0,-9.950144583020844e-05
445,1219.6733130426146,12.013403947181434,11.993329374422045,89.00000000000072,0.0,-8.012070726918317e-05
446,1222.0698007116735,11.991643123550082,11.971547316174796,89.20000000000073,0.0,-1.7262076391853264e-05
447,1224.4619456888613,11.969915925220347,11.949902455700457,89.40000000000073,0.005629328147763528,4.96228159017259e-05
448,1226.8497562899865,11.94822216388954,11.928203555551661,89.60000000000073,0.0,-0.00021864941695406685
449,1229.23323120426,11.926561730005758,11.906545587191903,89.80000000000074,0.0,-0.00018428673036938198
450,1231.6123787723045,11.90493460153551,11.88493009325387,90.00000000000074,0.0,-0.00018995147632478864
451,1233.9872069533085,11.883340669087794,11.863351716775961,90.20000000000074,0.0,-0.00022248813517487288
452,1236.357721899767,11.861779826889798,11.841797747816349,90.40000000000074,0.0,-0.0002650041306882919
453,1238.7239290004254,11.840251985735607,11.820273258779961,90.60000000000075,0.0,-0.00027764773416668644
454,1241.0858342191568,11.81875706353304,11.798778928525644,90.80000000000075,0.0,-0.0002792311418410331
455,1243.443443450822,11.797294973144862,11.777313388114656,91.00000000000075,0.0,-0.0002710142598087538
456,1245.7967622928736,11.775865628235792,11.755875032413332,91.20000000000076,0.0,-0.0002485022196295879
457,1248.1457962717868,11.754468945349391,11.734464756707304,91.40000000000076,0.0,-0.00020675353609520865
458,1250.490551134073,11.733104841851432,11.713083866147175,91.60000000000076,0.0,-0.0001489319246102551
459,1252.8310329060987,11.711773233282011,11.691733854120395,91.80000000000076,0.0,-7.910196786591232e-05
460,1255.167247955338,11.690474032807105,11.67041663828536,92.00000000000077,0.0,-1.95067881245169e-06
461,1257.4992126079378,11.669207150656062,11.64922988770481,92.20000000000077,0.005393282772131674,7.638554183055083e-05
462,1259.8269341868254,11.647972406525481,11.627985901171938,92.40000000000077,0.0,-0.0001627094258241077
463,1262.1504110312926,11.62676970218226,11.606782543493882,92.60000000000078,0.0,-9.397964831643746e-05
464,1264.4696514842872,11.60559902141088,11.585621986438989,92.80000000000078,0.0,-6.868130986466826e-05
465,1266.7846632364199,11.584460257055277,11.564495534899393,93.00000000000078,0.0,-7.518381649584006e-05
466,1269.0954524476729,11.563353308043997,11.543396577638935,93.20000000000078,0.0,-8.566787706685667e-05
467,1271.402025207779,11.54227808740982,11.522331023422941,93.40000000000079,0.0,-8.072059237930351e-05
468,1273.7043882981125,11.521234508985357,11.501299879923488,93.60000000000079,0.0,-8.093625098998819e-05
469,1276.0025484528305,11.50022248044869,11.480301667266746,93.8000000000008,0.0,-8.880749686914673e-05
470,1278.2965121300695,11.479241910058294,11.459335105117734,94.0000000000008,0.0,-9.976066962471041e-05
471,1280.586285674668,11.45829270874229,11.438400340854272,94.2000000000008,0.0,-0.00011027823979626083
472,1282.8718754186812,11.437374788614715,11.41749709927396,94.4000000000008,0.0,-0.00012138230593288571
473,1285.1532875943994,11.416488062057379,11.396624657895005,94.6000000000008,0.0,-0.0001324452925824983
474,1287.4305282903697,11.395632442514295,11.375782301819438,94.80000000000081,0.0,-0.00014145134523333791
475,1289.7036034761622,11.37480784489435,11.35496955610823,95.00000000000081,0.0,-0.00014645606991804056
476,1291.972519035542,11.354014185345783,11.334186037706365,95.20000000000081,0.0,-0.00014625428634259182
477,1294.2372807859938,11.333251380953477,11.313431466805465,95.40000000000082,0.0,-0.00013986609345161802
478,1296.4978945093644,11.31251934956056,11.292705766908307,95.60000000000082,0.0,-0.00012660950451328515
479,1298.7543659987132,11.291818009487773,11.272009126575911,95.80000000000082,0.0,-0.0001064314133546935
480,1301.0067011104838,11.271147279103834,11.251341991121498,96.00000000000082,0.0,-8.01023914912046e-05
481,1303.2549058137884,11.25050707634602,11.230705041938787,96.20000000000083,0.0,-4.9194638593997706e-05
482,1305.4995795853101,11.23293584168323,11.21603267327508,96.40000000000083,0.002919091631076709,0.009889553270496683
483,1307.7413208564685,11.218236337886005,11.201380038323327,96.60000000000083,0.0027166432049194793,0.00932179781591076
484,1309.9801334543772,11.203558398882839,11.186745940763029,96.80000000000084,0.00238983816240424,0.00937695351166527
485,1312.2160209747926,11.188901976354781,11.172129263393083,97.00000000000084,0.001947563844176018,0.00943993656062448
486,1314.4490526343252,11.174267023590405,11.15818733192173,97.20000000000084,0.07285382298771911,0.009514185903834564
487,1316.6793377187605,11.1596530645506,11.144663512435802,97.40000000000084,0.11587350912986688,0.007455296721406005
488,1318.9069468985253,11.145059361385604,11.131428285225661,97.60000000000085,0.14483674217166326,0.004189825399070114
489,1321.1319293077177,11.130485429380244,11.118395806695187,97.80000000000085,0.1644982045570246,6.337543945436624e-05
490,1323.3539901674048,11.11593092503912,11.102212790158685,98.00000000000085,0.0,-0.004687259094943083
491,1325.573141218989,11.1013977542914,11.089297725699181,98.20000000000086,0.17213147930797013,0.0008477504392510416
492,1327.7894172162996,11.086885817648634,11.073462247396971,98.40000000000086,0.0,-0.004736924187975776
493,1330.0025727776265,11.072394865290956,11.05809336586064,98.60000000000086,0.0,-0.00017910965518213375
494,1332.2128380051981,11.057926478848879,11.044558909856478,98.80000000000086,0.09800717911372925,0.0024235562368162366
495,1334.4202406040931,11.04347913131181,11.029467079097948,99.00000000000087,0.0,-0.0007425824000128667
496,1336.6247693958721,11.029052619312465,11.015820838686091,99.20000000000087,0.08132006458815313,0.0015441483488283063
497,1338.8264432340693,11.014646993732724,11.000917543301295,99.40000000000087,0.0,-0.0010893786374385952
498,1341.025241047988,11.00026210928236,10.987060595890995,99.60000000000088,0.054166656176024695,0.0006820873451867918
499,1343.2211800551122,10.98589808160977,10.972329475366797,99.80000000000088,0.0,-0.0011140025379011034
500,1345.4142498303554,10.97155477628712,10.958368277054259,100.00000000000088,0.038502554040800045,0.00018194021472686211
501,1347.6044619199565,10.957232239540378,10.943752618950857,100.20000000000088,0.0,-0.0011200680658655128
502,1349.791758889205,10.94293037416994,10.929217073548939,100.40000000000089,0.0,-9.299832039525576e-05
503,1351.9762006778183,10.928649533437586,10.915200812582249,100.60000000000089,0.025894366309257948,0.0006252456689341743
504,1354.157799374374,10.914389304292301,10.900786152960734,100.80000000000089,0.0,-0.0002550839338774747
505,1356.336553802059,10.90014958628542,10.886758123898144,101.0000000000009,0.020242550213955206,0.00031532886814757165
506,1358.5124721640605,10.885930365652397,10.872425496116772,101.2000000000009,0.0,-0.5403874607147238
507,1360.6855263471807,10.871731567492464,10.858116335069445,101.4000000000009,0.0,-0.5498760579415124
508,1362.8557234118707,10.857553353938872,10.843854311820834,101.6000000000009,0.0,-0.5597459031821584
509,1365.023071489246,10.843395657652707,10.82962646192609,101.8000000000009,0.0,-0.5700227885912986
510,1367.1839764694305,10.82925840440909,10.779423339922053,102.00000000000091,0.0,-0.5807307225251922
511,1369.3323850393463,10.815165012374193,10.704662359240887,102.20000000000091,0.0,-0.5879409198514762
512,1371.4641442885986,10.801154923556147,10.612930133275196,102.40000000000092,0.0,-0.5927000281944979
513,1373.5763630632537,10.787255169630706,10.509257613287765,102.60000000000092,0.0,-0.5957225709027805
514,1375.666985861455,10.773484543604576,10.396970368709798,102.80000000000092,0.0,-0.5974905297117543
515,1377.7345347968803,10.759856382734508,10.278518985551916,103.00000000000092,0.0,-0.5983249528352931
516,1379.777956756745,10.746380253862641,10.155700613094158,103.20000000000093,0.0,-0.598467091819152
517,1381.7965097092601,10.733062951901173,10.02982891205373,103.40000000000093,0.0,-0.5980967920919071
518,1383.789678893303,10.719909242432015,9.901862928372786,103.60000000000093,0.0,-0.5973473763244465
519,1385.7571155646983,10.706922409037746,9.772503785594488,103.80000000000094,0.0,-0.5963173974532516
520,1387.698592392997,10.69410465326569,9.642264497391277,104.00000000000094,0.0,-0.5950797439021519
521,1389.6139709053314,10.681457385829637,9.511520625943353,104.20000000000094,0.0,-0.5936883351081481
522,1391.5031776851793,10.668981511368555,9.380547172523684,104.40000000000094,0.0,-0.5921830581455119
523,1393.3661869525786,10.656677477990469,9.249545501476582,104.60000000000095,0.0,-0.5905934140659045
524,1395.2030078036696,10.644545288855577,9.118663009445081,104.80000000000095,0.0,-0.5889412134265126
525,1397.013674855545,10.632584817549006,8.988007509306964,105.00000000000095,0.0,-0.5872425685065469
526,1398.7982413824466,10.62079577263373,8.85765775970877,105.20000000000095,0.0,-0.5855093659373722
527,1400.5567742764797,10.609177742424405,8.727671180618515,105.40000000000096,0.0,-0.5837503556613425
528,1402.2893503457672,10.597730227852562,8.598089512244666,105.60000000000096,0.0,-0.5819719565689339
529,1403.996053593928,10.586452789866918,8.468942969359896,105.80000000000096,0.0,-0.5801788528431692
530,1405.676973220252,10.575344864029482,8.340253293879023,106.00000000000097,0.0,-0.5783744356250099
531,1407.3322021496351,10.564405653564464,8.212035999970583,106.20000000000097,0.0,-0.5765611302963737
532,1408.9618359523192,10.50111855963751,8.084302026875337,106.40000000000097,0.0,-0.5747406391221265
533,1410.5659720506956,10.357128674473138,7.957058956905942,106.60000000000097,0.0,-0.5729141212110781
534,1412.144709137785,10.213311930014875,7.8303119139757245,106.80000000000098,0.0,-0.5710823260180531
535,1413.6981467519036,10.069800755458768,7.704064227219743,107.00000000000098,0.0,-0.5692456923779055
536,1415.2263849668016,9.926869524218185,7.578317921755054,107.20000000000098,0.0,-0.5674044219387877
537,1416.7295241671927,9.784532286585288,7.453074082144614,107.40000000000099,0.0,-0.565558533557661
538,1418.2076648876136,9.642708386084921,7.328333122053955,107.60000000000099,0.0,-0.5637079035164131
539,1419.6609076982932,9.500847790652577,7.20409498473601,107.80000000000099,0.0,-0.5618522951588786
540,1421.0893531260153,9.359592371189079,7.080359292482849,108.000000000001,0.0,-0.5599913806165221
541,1422.4931016011033,9.21895896940587,6.957125458412252,108.200000000001,0.0,-0.558124756600732
542,1423.8722534239896,9.07896591335621,6.834392770450916,108.400000000001,0.0,-0.5562519557279596
543,1425.2269087465138,8.938980829968871,6.71216045479754,108.600000000001,0.0,-0.5543724544643707
544,1426.5571675644169,8.79946476616794,6.59042772425116,108.800000000001,0.0,-0.5524856784938493
545,1427.863129718382,8.660607077928795,6.469193815392411,109.00000000000101,0.0,-0.5505910061037458
546,1429.1448949016776,8.522430178220342,6.34845801757531,109.20000000000101,0.0,-0.548687770025053
547,1430.402562673029,8.384427829604327,6.228219695927681,109.40000000000101,0.0,-0.5467752580462835
548,1431.636232473622,8.246740694740355,6.108478309998097,109.60000000000102,0.0,-0.5448527126326461
549,1432.846003647548,8.109759472889744,5.989233429273971,109.80000000000102,0.0,-0.5429193297137004
550,1434.0319754651246,7.973511932944377,5.870484746490606,110.00000000000102,0.0,-0.540974256753213
551,1435.1942471487164,7.8375119244946,5.75223208942645,110.20000000000103,0.0,-0.5390165901740658
552,1436.3329179008288,7.701778506873891,5.634475431714534,110.40000000000103,0.0,-0.5370453721803565
553,1437.4480869343097,7.566813555272567,5.517214903078968,110.60000000000103,0.0,-0.535059586993922
554,1438.5398535045497,7.432651985945036,5.400450799317014,110.80000000000103,0.0,-0.5330581565011625
555,1439.6083169437115,7.2986839011798725,5.284183592283408,111.00000000000104,0.0,-0.5310399352872335
556,1440.65357669695,7.165076854763992,5.168413940088282,111.20000000000104,0.0,-0.529003705019562
557,1441.6757323607271,7.0323213793797645,5.0531426976885525,111.40000000000104,0.0,-0.5269481681244655
558,1442.674883723299,6.900462161745176,4.938370928031972,111.60000000000105,0.0,-0.5248719406864419
559,1443.6511308074914,6.768567546842422,4.824099913900767,111.80000000000105,0.0,-0.5227735444815671
560,1444.6045739159417,6.637325948006184,4.710331170596069,112.00000000000105,0.0,-0.5206513980380321
561,1445.5353136789636,6.507047878182088,4.597066459604339,112.20000000000105,0.0,-0.51850380659679
562,1446.443451105264,6.377616522939441,4.484307803391602,112.40000000000106,0.0,-0.5163289508204126
563,1447.3290876357496,6.24802664908253,4.3720575014802945,112.60000000000106,0.0,-0.5141248740715094
564,1448.1923252006964,6.119484260596871,4.2603181479766405,112.80000000000106,0.0,-0.5118894680489692
565,1449.0332662805667,5.9920590916912175,4.149092650733644,113.00000000000107,0.0,-0.5096204565317217
566,1449.8520139708744,5.864875700223822,4.038384252356333,113.20000000000107,0.0,-0.5073153769324017
567,1450.6486720514367,5.738267767243017,3.928196553282169,113.40000000000107,0.0,-0.5049715593097621
568,1451.4233450604843,5.612897638551687,3.8185335372011027,113.60000000000107,0.0,-0.5025861024180022
569,1452.1761383741177,5.488443198428607,3.7093995991174733,113.80000000000108,0.0,-0.5001558462909597
570,1452.9071582916695,5.3640272868935215,3.600799576400899,114.00000000000108,0.0,-0.49767734075733333
571,1453.6165121276317,5.241003862861191,3.4927387832266104,114.20000000000108,0.0,-0.49514680915905473
572,1454.3043083108423,5.119454111659751,3.385223048869317,114.40000000000109,0.0,-0.4925601063927987
573,1454.9706564917688,4.997567344632592,3.2782587603904894,114.60000000000109,0.0,-0.4899126702022955
574,1455.6156676588434,4.877274605782905,3.17185291034968,114.80000000000109,0.0,-0.48719946441311157
575,1456.2394542649054,4.758726165666714,3.066013150279411,115.0000000000011,0.0,-0.4844149125033316
576,1456.8421303650139,4.639930123428593,2.9607478507943314,115.2000000000011,0.0,-0.481552819525574
577,1457.4238117670284,4.522880933415869,2.8560661693641514,115.4000000000011,0.0,-0.47860627991984583
578,1457.9846161966634,4.407819035071898,2.7519781269727996,115.6000000000011,0.0,-0.47556756814326634
579,1458.5246634788746,4.292486751421021,2.6484946951218022,115.8000000000011,0.0,-0.47242800826231934
580,1459.0440757378783,4.179378386366154,2.5456278949249787,116.00000000000111,0.0,-0.46917781763169886
581,1459.54297761841,4.068002091467021,2.4433909103980658,116.20000000000111,0.0,-0.4658059184678054
582,1460.021496531299,3.9570755752396387,2.3417982184891386,116.40000000000111,0.0,-0.46229970938600395
583,1460.4797629270433,3.848876757994975,2.240865738947097,116.60000000000112,0.0,-0.4586447866785614
584,1460.9179106017182,3.7415752318152284,2.140611007817644,116.80000000000112,0.0,-0.4548246020616462
585,1461.3360770404215,3.636218683458484,2.041053379229791,117.00000000000112,0.0,-0.4508200395234337
586,1461.7344038044685,3.533578750144525,1.9422142612462971,117.20000000000113,0.0,-0.44660888837257434
587,1462.1130369698913,3.4315747479472485,1.844117392972256,117.40000000000113,0.0,-0.44216518203716654
588,1462.4721276263845,3.333474445274774,1.7467891719467918,117.60000000000113,0.0,-0.4374583618007356
589,1462.8118324479,3.2358960666386842,1.6502590432196529,117.80000000000113,0.0,-0.432452210296863
590,1463.1323143486843,3.142351749615929,1.5545599646237482,118.00000000000114,0.0,-0.4271034795417958
591,1463.4337432418324,3.050329728218345,1.459728966854935,118.20000000000114,0.0,-0.421360110112178
592,1463.7162969217607,2.96228259202694,1.3658078324214393,118.40000000000114,0.0,-0.415158898246188
593,1463.9801620974868,2.876272101244433,1.2728439248335175,118.60000000000115,0.0,-0.40842241114417016
594,1464.225535610898,2.7949175225079026,1.1808912092850448,118.80000000000115,0.0,-0.401054870534337
595,1464.4526258837832,2.7154405796249725,1.0900115195512574,119.00000000000115,0.0,-0.3929366113885415
596,1464.6616546501718,2.6418856127646992,1.000276144346325,119.20000000000115,0.0,-0.38391656558767306
597,1464.852859047809,2.5699715468576265,0.9117678320316082,119.40000000000116,0.0,-0.37380201047391043
598,1465.0264941658425,2.503797442665439,0.8245833483066844,119.60000000000116,0.0,-0.3623445653909615
599,1465.1828361778244,2.442556196086836,0.738836771523928,119.80000000000116,0.0,-0.34922117282073917
600,1465.3221862330029,2.384464391310913,0.6546637802499633,120.00000000000117,0.0,-0.3340087753166389
601,1465.4448753395263,2.332686266555291,0.5722272849722546,120.20000000000117,0.0,-0.31615222797103876
602,1465.5512705568653,2.287098829538563,0.49172488842159817,120.40000000000117,0.0,-0.29492840886164445
603,1465.6417829288584,2.244740617476732,0.413398831491872,120.60000000000117,0.0,-0.26941999192671306
604,1465.7168777402621,2.208433930138482,0.33754928253543454,120.80000000000118,0.0,-0.23854054935772864
605,1465.7770878677366,2.178311596822917,0.2645519921982429,121.00000000000118,0.0,-0.20121963961025147
606,1465.8230311917432,2.1541598678971012,0.19488124787931038,121.20000000000118,0.0,-0.15698507718131988
607,1465.8554331270752,2.1357308966608066,0.1291381054581386,121.40000000000119,0.0,-0.1073033749537623
608,1465.8751549836998,2.1227337018094388,0.06808046077497246,121.60000000000119,0.0,-0.057677979553433234
609,1465.8832272302025,2.114822791218662,0.012642004237486827,121.80000000000119,0.0,-0.018562812023612953
610,1465.880881925339,2.1115848191775206,-0.03609505288682561,122.0000000000012,0.0,-0.0006843216591408128
