,0
0,300.0
1,300.0
2,300.0
3,300.0
4,300.0
5,300.0
6,300.0
7,300.0
8,300.0
9,105.80000000000001
10,300.0
11,300.0
12,300.0
13,300.0
14,300.0
15,300.0
16,300.0
17,300.0
18,300.0
19,300.0
20,300.0
21,300.0
22,300.0
23,300.0
24,300.0
25,300.0
26,300.0
27,300.0
28,300.0
29,300.0
30,300.0
31,300.0
32,300.0
33,300.0
34,300.0
35,300.0
36,300.0
37,300.0
38,300.0
39,300.0
40,300.0
41,300.0
42,300.0
43,300.0
44,300.0
45,300.0
46,300.0
47,300.0
48,300.0
49,300.0
50,300.0
51,300.0
52,300.0
53,300.0
54,300.0
55,300.0
56,300.0
57,300.0
58,300.0
59,300.0
60,300.0
61,300.0
62,300.0
63,300.0
64,300.0
65,300.0
66,300.0
67,300.0
68,300.0
69,300.0
70,300.0
71,300.0
72,300.0
73,300.0
74,300.0
75,300.0
76,300.0
77,300.0
78,300.0
79,300.0
80,300.0
81,300.0
82,300.0
83,300.0
84,300.0
85,300.0
86,300.0
87,300.0
88,300.0
89,300.0
90,300.0
91,300.0
92,300.0
93,300.0
94,300.0
95,300.0
96,300.0
97,300.0
98,300.0
99,300.0
100,300.0
101,178.4
102,300.0
103,154.8
104,300.0
105,165.8
106,174.8
107,191.20000000000002
108,300.0
109,154.60000000000002
110,300.0
111,300.0
112,196.20000000000002
113,155.8
114,137.8
115,182.20000000000002
116,145.8
117,300.0
118,85.60000000000001
119,300.0
120,169.0
121,300.0
122,300.0
123,300.0
124,300.0
125,138.8
126,300.0
127,300.0
128,154.20000000000002
129,187.60000000000002
130,171.60000000000002
131,300.0
132,300.0
133,300.0
134,300.0
135,300.0
136,167.8
137,300.0
138,169.0
139,300.0
140,244.60000000000002
141,300.0
142,300.0
143,300.0
144,300.0
145,300.0
146,300.0
147,300.0
148,199.4
149,132.8
150,150.6
151,187.4
152,300.0
153,157.0
154,300.0
155,300.0
156,300.0
157,300.0
158,129.4
159,300.0
160,135.4
161,300.0
162,142.6
163,155.4
164,161.20000000000002
165,300.0
166,202.8
167,300.0
168,184.4
169,152.8
170,143.20000000000002
171,143.0
172,300.0
173,167.20000000000002
174,230.8
175,142.0
176,156.8
177,300.0
178,134.0
179,193.60000000000002
180,130.6
181,300.0
182,206.0
183,173.4
184,267.2
185,243.20000000000002
186,300.0
187,89.2
188,205.0
189,125.0
190,127.80000000000001
191,157.0
192,300.0
193,300.0
194,300.0
195,300.0
196,145.4
197,300.0
198,300.0
199,167.8
200,183.0
201,149.8
202,126.80000000000001
203,127.60000000000001
204,145.0
205,231.8
206,173.20000000000002
207,300.0
208,160.0
209,300.0
210,149.8
211,210.60000000000002
212,300.0
213,300.0
214,300.0
215,189.8
216,223.4
217,147.20000000000002
218,165.60000000000002
219,250.60000000000002
220,129.8
221,300.0
222,203.60000000000002
223,300.0
224,172.0
225,147.0
226,183.0
227,151.20000000000002
228,300.0
229,300.0
230,300.0
231,245.8
232,155.8
233,164.0
234,172.60000000000002
235,190.4
236,166.0
237,285.40000000000003
238,300.0
239,153.4
240,300.0
241,150.4
242,159.60000000000002
243,300.0
244,168.4
245,130.0
246,300.0
247,300.0
248,202.4
249,161.0
250,300.0
251,135.8
252,194.4
253,300.0
254,300.0
255,165.8
256,300.0
257,146.20000000000002
258,300.0
259,130.4
260,280.40000000000003
261,300.0
262,142.0
263,231.0
264,300.0
265,300.0
266,166.20000000000002
267,255.20000000000002
268,158.0
269,184.8
270,144.4
271,94.80000000000001
272,198.4
273,194.20000000000002
274,300.0
275,158.8
276,177.20000000000002
277,147.20000000000002
278,149.20000000000002
279,152.4
280,185.8
281,165.20000000000002
282,160.8
283,151.8
284,300.0
285,300.0
286,300.0
287,300.0
288,300.0
289,213.20000000000002
290,300.0
291,300.0
292,300.0
293,300.0
294,123.2
295,300.0
296,186.4
297,150.6
298,199.4
299,126.80000000000001
300,226.8
301,195.20000000000002
302,300.0
303,176.0
304,165.4
305,178.0
306,162.60000000000002
307,155.0
308,167.4
309,168.4
310,178.8
311,208.60000000000002
312,290.8
313,128.0
314,130.0
315,156.8
316,155.20000000000002
317,186.4
318,160.8
319,163.8
320,181.20000000000002
321,235.20000000000002
322,210.8
323,191.0
324,159.0
325,188.60000000000002
326,202.4
327,163.8
328,157.60000000000002
329,158.4
330,146.0
331,164.4
332,300.0
333,172.20000000000002
334,123.2
335,179.4
336,300.0
337,155.60000000000002
338,280.2
339,138.8
340,300.0
341,188.4
342,300.0
343,300.0
344,300.0
345,126.60000000000001
346,193.4
347,121.80000000000001
348,176.0
349,300.0
350,300.0
351,300.0
352,155.20000000000002
353,167.60000000000002
354,300.0
355,137.6
356,208.8
357,139.8
358,168.20000000000002
359,300.0
360,300.0
361,300.0
362,300.0
363,91.0
364,300.0
365,193.0
366,300.0
367,300.0
368,132.8
369,206.0
370,166.0
371,148.6
372,130.6
373,157.8
374,187.20000000000002
375,300.0
376,178.8
377,140.20000000000002
378,153.60000000000002
379,162.60000000000002
380,300.0
381,181.4
382,300.0
383,300.0
384,300.0
385,300.0
386,300.0
387,170.60000000000002
388,300.0
389,197.0
390,166.4
391,300.0
392,300.0
393,150.20000000000002
394,300.0
395,300.0
396,156.8
397,300.0
398,300.0
399,190.60000000000002
400,300.0
401,300.0
402,155.20000000000002
403,203.20000000000002
404,148.4
405,183.20000000000002
406,300.0
407,151.4
408,182.4
409,155.8
410,187.0
411,206.4
412,165.20000000000002
413,131.8
414,171.0
415,188.4
416,212.4
417,220.20000000000002
418,300.0
419,163.8
420,300.0
421,151.8
422,300.0
423,300.0
424,300.0
425,300.0
426,131.6
427,123.80000000000001
428,135.6
429,300.0
430,152.20000000000002
431,140.0
432,144.6
433,159.4
434,206.0
435,300.0
436,300.0
437,140.6
438,300.0
439,300.0
440,256.40000000000003
441,181.8
442,204.60000000000002
443,206.20000000000002
444,126.0
445,159.8
446,175.0
447,190.8
448,300.0
449,300.0
450,153.0
451,202.4
452,190.8
453,228.4
454,189.8
455,172.20000000000002
456,138.4
457,166.8
458,89.60000000000001
459,300.0
460,182.20000000000002
461,300.0
462,152.20000000000002
463,300.0
464,300.0
465,140.4
466,300.0
467,210.8
468,223.20000000000002
469,156.20000000000002
470,149.8
471,128.4
472,300.0
473,300.0
474,205.4
475,176.8
476,187.8
477,213.20000000000002
478,300.0
479,300.0
480,141.4
481,131.4
482,300.0
483,136.8
484,130.6
485,133.6
486,188.0
487,271.0
488,300.0
489,164.0
490,191.60000000000002
491,202.4
492,300.0
493,121.0
494,300.0
495,163.20000000000002
496,188.0
497,170.60000000000002
498,128.8
499,163.60000000000002
500,203.60000000000002
501,277.6
502,135.0
503,148.0
504,141.0
505,125.80000000000001
506,300.0
507,300.0
508,300.0
509,300.0
510,300.0
511,300.0
512,167.0
513,117.2
514,144.20000000000002
515,84.4
516,282.2
517,163.60000000000002
518,143.0
519,180.8
520,146.8
521,209.0
522,167.60000000000002
523,167.8
524,300.0
525,172.8
526,172.20000000000002
527,103.80000000000001
528,191.4
529,300.0
530,182.8
531,300.0
532,300.0
533,150.8
534,148.8
535,300.0
536,131.20000000000002
537,300.0
538,127.80000000000001
539,300.0
540,128.20000000000002
541,190.4
542,139.6
543,149.8
544,152.6
545,146.6
546,142.20000000000002
547,146.6
548,134.20000000000002
549,127.4
550,199.8
551,140.8
552,126.2
553,228.0
554,152.4
555,300.0
556,155.8
557,188.60000000000002
558,128.6
559,179.8
560,300.0
561,172.4
562,300.0
563,300.0
564,157.0
565,167.0
566,112.2
567,183.20000000000002
568,205.8
569,212.20000000000002
570,161.0
571,212.8
572,134.4
573,168.8
574,228.4
575,177.60000000000002
576,179.8
577,300.0
578,119.4
579,300.0
580,133.0
581,183.0
582,192.60000000000002
583,300.0
584,139.20000000000002
585,153.60000000000002
586,157.20000000000002
587,300.0
588,188.20000000000002
589,300.0
590,143.6
591,174.20000000000002
592,214.4
593,215.8
594,203.20000000000002
595,190.8
596,129.4
597,300.0
598,300.0
599,145.8
600,140.8
601,200.8
602,300.0
603,219.8
604,186.4
605,172.8
606,300.0
607,173.8
608,165.20000000000002
609,169.60000000000002
610,300.0
611,139.8
612,188.4
613,160.8
614,300.0
615,300.0
616,134.20000000000002
617,118.2
618,159.4
619,155.60000000000002
620,185.4
621,188.20000000000002
622,146.8
623,145.8
624,123.80000000000001
625,123.0
626,176.4
627,216.0
628,179.0
629,229.20000000000002
630,145.0
631,300.0
632,118.80000000000001
633,180.0
634,133.4
635,140.0
636,173.4
637,128.8
638,175.20000000000002
639,191.20000000000002
640,300.0
641,151.8
642,137.20000000000002
643,180.60000000000002
644,173.0
645,130.8
646,134.6
647,149.0
648,258.40000000000003
649,196.60000000000002
650,200.20000000000002
651,199.60000000000002
652,202.8
653,300.0
654,162.8
655,243.0
656,127.80000000000001
657,151.0
658,137.8
659,211.60000000000002
660,300.0
661,189.60000000000002
662,143.0
663,202.0
664,130.6
665,266.40000000000003
666,300.0
667,124.80000000000001
668,237.60000000000002
669,192.20000000000002
670,272.40000000000003
671,192.4
672,152.8
673,147.8
674,280.6
675,163.20000000000002
676,215.0
677,215.20000000000002
678,300.0
679,300.0
680,128.6
681,134.0
682,128.0
683,190.20000000000002
684,131.8
685,170.20000000000002
686,176.20000000000002
687,122.2
688,135.6
689,175.4
690,151.8
691,221.60000000000002
692,238.0
693,224.60000000000002
694,121.60000000000001
695,173.20000000000002
696,145.6
697,191.20000000000002
698,180.20000000000002
699,224.8
700,146.0
701,197.0
702,181.60000000000002
703,185.8
704,167.60000000000002
705,83.0
706,186.0
707,300.0
708,136.0
709,144.0
710,138.0
711,300.0
712,300.0
713,300.0
714,155.60000000000002
715,124.4
716,165.4
717,300.0
718,149.0
719,225.60000000000002
720,181.4
721,300.0
722,154.8
723,204.0
724,157.4
725,196.60000000000002
726,138.4
727,300.0
728,179.8
729,219.4
730,206.20000000000002
731,165.4
732,121.4
733,176.60000000000002
734,283.2
735,184.4
736,246.0
737,300.0
738,134.4
739,192.0
740,127.80000000000001
741,209.0
742,179.4
743,223.4
744,204.4
745,178.8
746,189.4
747,149.0
748,133.8
749,300.0
750,177.8
751,300.0
752,300.0
753,171.60000000000002
754,148.20000000000002
755,149.8
756,158.20000000000002
757,150.20000000000002
758,221.60000000000002
759,124.60000000000001
760,300.0
761,197.20000000000002
762,163.20000000000002
763,132.0
764,120.60000000000001
765,300.0
766,190.8
767,136.0
768,212.60000000000002
769,181.4
770,300.0
771,140.20000000000002
772,124.0
773,167.60000000000002
774,141.6
775,300.0
776,160.0
777,166.0
778,135.4
779,148.4
780,191.60000000000002
781,126.0
782,120.4
783,179.8
784,162.4
785,143.0
786,177.0
787,133.8
788,117.0
789,123.80000000000001
790,118.80000000000001
791,231.0
792,163.60000000000002
793,181.60000000000002
794,208.4
795,180.4
796,158.4
797,300.0
798,171.4
799,126.80000000000001
800,176.8
801,145.4
802,111.4
803,175.0
804,126.2
805,135.0
806,178.4
807,192.60000000000002
808,154.20000000000002
809,136.4
810,124.60000000000001
811,129.6
812,273.2
813,208.0
814,112.2
815,143.0
816,155.60000000000002
817,129.20000000000002
818,138.8
819,125.2
820,300.0
821,164.60000000000002
822,127.2
823,147.6
824,144.4
825,111.0
826,220.0
827,232.0
828,146.20000000000002
829,164.20000000000002
830,159.4
831,123.80000000000001
832,162.0
833,128.4
834,177.60000000000002
835,141.8
836,300.0
837,194.0
838,125.2
839,110.4
840,122.60000000000001
841,171.0
842,232.0
843,112.2
844,184.60000000000002
845,236.4
846,170.4
847,121.4
848,84.0
849,133.8
850,170.8
851,130.0
852,300.0
853,144.0
854,114.60000000000001
855,183.4
856,238.4
857,143.0
858,162.20000000000002
859,165.20000000000002
860,300.0
861,161.4
862,174.0
863,120.60000000000001
864,300.0
865,119.80000000000001
866,114.0
867,148.8
868,139.4
869,105.2
870,127.60000000000001
871,143.8
872,144.0
873,260.0
874,195.4
875,171.20000000000002
876,152.8
877,110.4
878,166.8
879,300.0
880,114.4
881,171.60000000000002
882,157.0
883,138.6
884,199.60000000000002
885,113.4
886,233.60000000000002
887,119.80000000000001
888,140.20000000000002
889,128.20000000000002
890,108.60000000000001
891,152.6
892,91.80000000000001
893,114.80000000000001
894,94.80000000000001
895,102.2
896,219.0
897,119.80000000000001
898,90.0
899,86.60000000000001
900,87.2
901,86.0
902,85.2
903,85.2
904,87.60000000000001
905,87.60000000000001
906,97.80000000000001
907,105.80000000000001
908,102.4
909,104.0
910,92.60000000000001
911,89.0
912,90.2
913,90.4
914,95.2
915,89.4
916,108.0
917,96.60000000000001
918,86.60000000000001
919,103.0
920,136.20000000000002
921,102.0
922,162.0
923,115.4
924,124.60000000000001
925,118.80000000000001
926,118.4
927,105.80000000000001
928,89.0
929,113.80000000000001
930,89.80000000000001
931,82.80000000000001
932,88.60000000000001
933,86.0
934,88.0
935,85.4
936,87.60000000000001
937,86.80000000000001
938,89.4
939,110.80000000000001
940,93.0
941,95.60000000000001
942,92.0
943,95.60000000000001
944,91.0
945,88.4
946,103.0
947,93.4
948,90.0
949,87.60000000000001
950,88.0
951,86.0
952,103.60000000000001
953,90.0
954,92.60000000000001
955,89.80000000000001
956,85.80000000000001
957,86.4
958,90.80000000000001
959,88.2
960,93.80000000000001
961,88.4
962,90.0
963,86.0
964,85.0
965,88.80000000000001
966,87.0
967,85.60000000000001
968,86.4
969,88.2
970,87.4
971,90.80000000000001
972,87.2
973,86.80000000000001
974,85.80000000000001
975,86.80000000000001
976,87.4
977,85.0
978,86.2
979,90.60000000000001
980,88.80000000000001
981,88.4
982,88.2
983,88.2
984,86.80000000000001
985,86.0
986,86.4
987,87.2
988,86.0
989,89.4
990,88.60000000000001
991,86.60000000000001
992,85.60000000000001
993,85.60000000000001
994,86.80000000000001
995,90.4
996,88.80000000000001
997,85.4
998,86.60000000000001
999,86.80000000000001
1000,87.4
1001,87.80000000000001
1002,86.60000000000001
1003,86.0
1004,87.80000000000001
1005,88.0
1006,85.0
1007,85.80000000000001
1008,86.80000000000001
1009,87.0
1010,88.2
1011,85.2
1012,92.80000000000001
1013,90.2
1014,86.0
1015,87.4
1016,88.2
1017,84.4
1018,90.80000000000001
1019,85.0
1020,86.60000000000001
1021,87.80000000000001
1022,90.2
1023,85.80000000000001
1024,91.4
1025,87.4
1026,85.2
1027,86.80000000000001
1028,85.2
1029,89.60000000000001
1030,104.60000000000001
1031,85.80000000000001
1032,86.60000000000001
1033,87.4
1034,87.0
1035,88.60000000000001
1036,90.4
1037,89.80000000000001
1038,84.0
1039,87.2
1040,86.2
1041,88.2
1042,86.60000000000001
1043,85.60000000000001
1044,85.60000000000001
1045,86.2
1046,87.4
1047,86.80000000000001
1048,87.0
1049,87.0
1050,86.0
1051,90.4
1052,86.60000000000001
1053,86.4
1054,86.0
1055,86.60000000000001
1056,85.60000000000001
1057,87.2
1058,87.2
1059,82.60000000000001
1060,88.60000000000001
1061,87.80000000000001
1062,85.60000000000001
1063,85.60000000000001
1064,83.4
1065,87.2
1066,86.0
1067,87.60000000000001
1068,86.2
1069,86.2
1070,84.60000000000001
1071,86.80000000000001
1072,86.80000000000001
1073,84.80000000000001
1074,85.60000000000001
1075,86.60000000000001
1076,87.0
1077,85.0
1078,90.0
1079,86.80000000000001
1080,86.2
1081,91.0
1082,92.0
1083,91.4
1084,91.2
1085,90.0
1086,87.80000000000001
1087,88.60000000000001
1088,87.4
1089,88.0
1090,90.60000000000001
1091,84.2
1092,86.0
1093,88.0
1094,86.2
1095,87.80000000000001
1096,83.4
1097,87.4
1098,86.4
1099,86.0
1100,88.2
1101,88.80000000000001
1102,86.4
1103,87.0
1104,88.80000000000001
1105,87.2
1106,87.2
1107,87.0
1108,87.2
1109,87.4
1110,90.4
1111,87.0
1112,86.80000000000001
1113,88.80000000000001
1114,86.2
1115,87.60000000000001
1116,85.2
1117,87.0
1118,86.80000000000001
1119,87.0
1120,91.2
1121,90.0
1122,86.2
1123,85.0
1124,88.0
1125,85.2
1126,85.60000000000001
1127,85.60000000000001
1128,87.0
1129,85.80000000000001
1130,87.4
1131,87.80000000000001
1132,87.4
1133,87.2
1134,87.2
1135,88.4
1136,86.4
1137,87.60000000000001
1138,87.2
1139,88.0
1140,84.80000000000001
1141,87.60000000000001
1142,86.80000000000001
1143,87.80000000000001
1144,82.2
1145,85.2
1146,86.0
1147,85.80000000000001
1148,86.2
1149,87.4
1150,86.4
1151,86.0
1152,87.0
1153,85.80000000000001
1154,90.2
1155,90.4
1156,88.60000000000001
1157,89.60000000000001
1158,89.4
1159,90.60000000000001
1160,92.4
1161,101.2
1162,93.4
1163,91.60000000000001
1164,86.80000000000001
1165,86.0
1166,86.2
1167,85.4
1168,86.0
1169,86.4
1170,85.0
1171,87.80000000000001
1172,84.4
1173,85.60000000000001
1174,85.4
1175,87.80000000000001
1176,85.0
1177,87.4
1178,84.80000000000001
1179,86.0
1180,86.80000000000001
1181,87.80000000000001
1182,87.0
1183,86.0
1184,87.80000000000001
1185,87.60000000000001
1186,87.4
1187,86.60000000000001
1188,87.0
1189,86.2
1190,85.2
1191,85.60000000000001
1192,88.60000000000001
1193,86.0
1194,86.0
1195,86.0
1196,85.2
1197,86.60000000000001
1198,85.4
1199,88.60000000000001
1200,86.0
1201,85.4
1202,84.80000000000001
1203,85.60000000000001
1204,81.80000000000001
1205,86.80000000000001
1206,88.4
1207,88.4
1208,85.80000000000001
1209,85.60000000000001
1210,87.60000000000001
1211,86.2
1212,86.80000000000001
1213,88.60000000000001
1214,89.4
1215,84.80000000000001
1216,88.4
1217,86.0
1218,86.2
1219,100.4
1220,86.80000000000001
1221,88.60000000000001
1222,88.2
1223,85.2
1224,88.4
1225,94.0
1226,86.2
1227,119.2
1228,97.0
1229,97.60000000000001
1230,91.2
1231,86.2
1232,86.2
1233,87.80000000000001
1234,93.2
1235,87.60000000000001
1236,87.4
1237,92.0
1238,86.60000000000001
1239,89.0
1240,100.80000000000001
1241,88.60000000000001
1242,86.0
1243,92.60000000000001
1244,91.80000000000001
1245,90.4
1246,87.2
1247,90.60000000000001
1248,94.4
1249,96.0
1250,95.4
1251,95.2
1252,95.2
1253,99.0
1254,95.2
1255,95.2
1256,90.60000000000001
1257,94.0
1258,93.2
1259,91.2
1260,94.80000000000001
1261,94.0
1262,113.60000000000001
1263,114.60000000000001
1264,173.0
1265,167.20000000000002
1266,166.60000000000002
1267,117.60000000000001
1268,208.60000000000002
1269,184.0
1270,154.60000000000002
1271,174.0
1272,122.0
1273,126.2
1274,112.0
1275,145.20000000000002
1276,130.4
1277,163.8
1278,82.0
1279,92.60000000000001
1280,112.0
1281,121.2
1282,120.4
1283,120.2
1284,132.8
1285,117.60000000000001
1286,121.0
1287,217.0
1288,170.20000000000002
1289,206.4
1290,223.20000000000002
1291,144.6
1292,178.8
1293,177.60000000000002
1294,180.0
1295,200.60000000000002
1296,206.0
1297,139.6
1298,99.60000000000001
1299,200.4
1300,204.60000000000002
1301,103.4
1302,96.60000000000001
1303,97.2
1304,99.0
1305,96.4
1306,92.4
1307,92.0
1308,84.2
1309,86.2
1310,193.8
1311,87.0
1312,87.2
1313,87.2
1314,86.0
1315,81.80000000000001
1316,91.60000000000001
1317,85.60000000000001
1318,85.80000000000001
1319,85.60000000000001
1320,85.0
1321,86.2
1322,92.80000000000001
1323,101.2
1324,99.60000000000001
1325,96.2
1326,97.2
1327,99.60000000000001
1328,97.2
1329,94.4
1330,96.80000000000001
1331,93.80000000000001
1332,92.0
1333,93.2
1334,87.2
1335,95.60000000000001
1336,92.60000000000001
1337,94.2
1338,94.0
1339,97.4
1340,96.60000000000001
1341,96.0
1342,89.60000000000001
1343,94.0
1344,116.2
1345,86.0
1346,89.0
1347,93.80000000000001
1348,89.0
1349,92.4
1350,85.4
1351,100.4
1352,89.4
1353,89.2
1354,89.60000000000001
1355,93.0
1356,100.60000000000001
1357,93.2
1358,94.4
1359,95.80000000000001
1360,95.60000000000001
1361,98.60000000000001
1362,96.4
1363,97.2
1364,96.4
1365,94.60000000000001
1366,99.60000000000001
1367,99.80000000000001
1368,190.60000000000002
1369,91.0
1370,97.0
1371,89.60000000000001
1372,88.2
1373,107.0
1374,89.60000000000001
1375,89.4
1376,88.4
1377,97.4
1378,90.2
1379,86.0
1380,92.4
1381,86.60000000000001
1382,86.4
1383,89.4
1384,90.80000000000001
1385,87.60000000000001
1386,87.80000000000001
1387,88.80000000000001
1388,89.0
1389,85.4
1390,86.4
1391,92.0
1392,94.4
1393,93.0
1394,85.80000000000001
1395,90.2
1396,105.0
1397,93.4
1398,96.0
1399,85.4
1400,85.0
1401,87.60000000000001
1402,90.0
1403,87.80000000000001
1404,85.80000000000001
1405,90.60000000000001
1406,87.60000000000001
1407,85.60000000000001
1408,97.2
1409,93.60000000000001
1410,98.0
1411,87.4
1412,92.4
1413,85.0
1414,85.2
1415,97.80000000000001
1416,87.60000000000001
1417,85.2
1418,86.2
1419,91.4
1420,85.2
1421,88.80000000000001
1422,85.2
1423,86.80000000000001
1424,107.80000000000001
1425,103.80000000000001
1426,91.80000000000001
1427,101.2
1428,86.0
1429,87.60000000000001
1430,85.0
1431,97.2
1432,91.2
1433,85.60000000000001
1434,93.2
1435,89.0
1436,85.0
1437,84.60000000000001
1438,90.4
1439,86.0
1440,86.80000000000001
1441,86.60000000000001
1442,84.60000000000001
1443,85.4
1444,84.80000000000001
1445,96.60000000000001
1446,89.2
1447,87.80000000000001
1448,87.0
1449,89.0
1450,87.2
1451,88.2
1452,97.4
1453,94.80000000000001
1454,94.60000000000001
1455,102.4
1456,93.4
1457,104.2
1458,89.60000000000001
1459,97.0
1460,105.80000000000001
1461,93.0
1462,93.4
1463,92.0
1464,90.4
1465,98.60000000000001
1466,102.2
1467,102.80000000000001
1468,102.2
1469,97.4
1470,99.80000000000001
1471,92.60000000000001
1472,92.80000000000001
1473,85.0
1474,86.2
1475,92.2
1476,85.0
1477,84.2
1478,93.4
1479,92.60000000000001
1480,94.4
1481,92.0
1482,95.4
1483,93.0
1484,91.60000000000001
1485,85.0
1486,93.0
1487,87.0
1488,87.2
1489,89.4
1490,91.0
1491,99.80000000000001
1492,95.80000000000001
1493,87.60000000000001
1494,90.80000000000001
1495,104.60000000000001
1496,85.80000000000001
1497,95.60000000000001
1498,116.4
1499,100.2
1500,113.2
1501,95.0
1502,95.80000000000001
1503,102.2
1504,97.4
1505,93.0
1506,89.4
1507,88.0
1508,103.80000000000001
1509,93.2
1510,86.80000000000001
1511,90.0
1512,90.60000000000001
1513,89.80000000000001
1514,88.4
1515,88.4
1516,84.60000000000001
1517,86.2
1518,90.60000000000001
1519,91.80000000000001
1520,92.80000000000001
1521,92.60000000000001
1522,93.60000000000001
1523,89.0
1524,90.60000000000001
1525,86.4
1526,86.4
1527,87.2
1528,93.60000000000001
1529,92.0
1530,96.0
1531,88.80000000000001
1532,95.4
1533,87.60000000000001
1534,85.60000000000001
1535,87.60000000000001
1536,86.0
1537,90.60000000000001
1538,85.2
1539,90.60000000000001
1540,86.2
1541,90.0
1542,88.80000000000001
1543,92.0
1544,90.4
1545,88.0
1546,92.4
1547,85.4
1548,91.4
1549,91.0
1550,91.60000000000001
1551,94.2
1552,95.2
1553,86.80000000000001
1554,92.80000000000001
1555,86.0
1556,93.2
1557,92.0
1558,95.60000000000001
1559,97.80000000000001
1560,94.4
1561,91.0
1562,92.2
1563,91.4
1564,97.80000000000001
1565,94.60000000000001
1566,95.80000000000001
1567,100.2
1568,97.60000000000001
1569,95.80000000000001
1570,93.2
1571,98.2
1572,101.4
1573,99.2
1574,86.4
1575,100.60000000000001
1576,87.2
1577,90.80000000000001
1578,95.2
1579,96.60000000000001
1580,94.0
1581,99.0
1582,86.0
1583,86.4
1584,98.60000000000001
1585,92.2
1586,96.60000000000001
1587,88.60000000000001
1588,85.60000000000001
1589,89.4
1590,85.0
1591,89.2
1592,85.80000000000001
1593,88.60000000000001
1594,87.60000000000001
1595,85.80000000000001
1596,85.2
1597,85.0
1598,84.2
1599,86.0
1600,86.0
1601,84.60000000000001
1602,87.4
1603,92.2
1604,86.0
1605,91.0
1606,87.80000000000001
1607,86.2
1608,89.2
1609,87.4
1610,84.4
1611,86.60000000000001
1612,89.80000000000001
1613,84.80000000000001
1614,88.4
1615,89.80000000000001
1616,89.0
1617,86.2
1618,84.2
1619,97.0
1620,97.4
1621,94.60000000000001
1622,88.0
1623,85.80000000000001
1624,87.2
1625,93.0
1626,87.2
1627,86.4
1628,85.2
1629,91.4
1630,91.80000000000001
1631,85.60000000000001
1632,92.60000000000001
1633,88.80000000000001
1634,83.60000000000001
1635,88.0
1636,82.4
1637,85.60000000000001
1638,85.4
1639,85.0
1640,87.2
1641,96.2
1642,90.4
1643,91.2
1644,93.60000000000001
1645,90.60000000000001
1646,98.60000000000001
1647,93.4
1648,92.2
1649,94.80000000000001
1650,99.80000000000001
1651,98.4
1652,99.4
1653,92.2
1654,89.60000000000001
1655,91.80000000000001
1656,101.2
1657,93.2
1658,99.80000000000001
1659,90.4
1660,90.2
1661,90.0
1662,94.2
1663,96.4
1664,90.0
1665,96.80000000000001
1666,94.60000000000001
1667,92.4
1668,92.60000000000001
1669,95.2
1670,96.4
1671,93.2
1672,91.80000000000001
1673,91.2
1674,100.2
1675,90.0
1676,94.2
1677,94.4
1678,95.2
1679,94.80000000000001
1680,92.60000000000001
1681,98.0
1682,101.60000000000001
1683,102.0
1684,101.2
1685,93.0
1686,98.2
1687,96.0
1688,93.80000000000001
1689,93.60000000000001
1690,95.80000000000001
1691,99.80000000000001
1692,95.2
1693,90.4
1694,102.80000000000001
1695,101.2
1696,104.60000000000001
1697,95.4
1698,103.60000000000001
1699,97.4
1700,94.60000000000001
1701,91.4
1702,92.0
1703,89.4
1704,89.4
1705,91.0
1706,88.80000000000001
1707,89.0
1708,90.60000000000001
1709,98.60000000000001
1710,96.4
1711,97.80000000000001
1712,88.4
1713,88.60000000000001
1714,91.80000000000001
1715,88.60000000000001
1716,88.2
1717,92.4
1718,95.60000000000001
1719,92.0
1720,91.60000000000001
1721,92.0
1722,91.60000000000001
1723,82.4
1724,92.80000000000001
1725,91.80000000000001
1726,96.0
1727,96.2
1728,89.0
1729,89.0
1730,94.4
1731,88.2
1732,88.60000000000001
1733,88.4
1734,88.60000000000001
1735,90.2
1736,89.2
1737,90.4
1738,89.80000000000001
1739,90.0
1740,93.60000000000001
1741,92.0
1742,91.60000000000001
1743,97.60000000000001
1744,90.80000000000001
1745,95.0
1746,96.4
1747,91.4
1748,89.0
1749,100.4
1750,98.4
1751,91.60000000000001
1752,93.0
1753,100.0
1754,99.60000000000001
1755,88.80000000000001
1756,88.4
1757,95.80000000000001
1758,90.60000000000001
1759,92.4
1760,97.60000000000001
1761,91.60000000000001
1762,93.0
1763,95.80000000000001
1764,92.2
1765,94.80000000000001
1766,94.2
1767,93.0
1768,94.4
1769,96.2
1770,96.2
1771,95.60000000000001
1772,93.0
1773,89.4
1774,96.4
1775,91.0
1776,91.0
1777,97.0
1778,96.80000000000001
1779,89.2
1780,100.4
1781,89.0
1782,90.0
1783,89.0
1784,96.60000000000001
1785,96.80000000000001
1786,96.60000000000001
1787,98.0
1788,87.60000000000001
1789,95.0
1790,98.0
1791,97.2
1792,88.4
1793,90.60000000000001
1794,87.80000000000001
1795,94.60000000000001
1796,88.60000000000001
1797,93.60000000000001
1798,90.2
1799,88.2
1800,96.60000000000001
1801,88.80000000000001
1802,95.4
1803,96.4
1804,92.80000000000001
1805,97.2
1806,87.80000000000001
1807,89.60000000000001
1808,89.2
1809,92.60000000000001
1810,89.80000000000001
1811,91.4
1812,87.4
1813,87.60000000000001
1814,88.2
1815,87.60000000000001
1816,87.60000000000001
1817,90.80000000000001
1818,88.0
1819,94.80000000000001
1820,93.60000000000001
1821,90.2
1822,94.2
1823,91.80000000000001
1824,90.60000000000001
1825,90.4
1826,93.0
1827,91.60000000000001
1828,94.0
1829,97.0
1830,88.0
1831,92.4
1832,91.80000000000001
1833,95.0
1834,92.2
1835,97.0
1836,93.80000000000001
1837,93.80000000000001
1838,98.80000000000001
1839,91.80000000000001
1840,88.2
1841,88.2
1842,88.2
1843,89.0
1844,88.0
1845,88.0
1846,92.0
1847,95.80000000000001
1848,89.2
1849,87.60000000000001
1850,97.4
1851,88.2
1852,87.4
1853,98.0
1854,96.60000000000001
1855,90.4
1856,95.60000000000001
1857,87.60000000000001
1858,90.2
1859,94.0
1860,95.2
1861,96.0
1862,93.2
1863,97.4
1864,87.4
1865,98.60000000000001
1866,92.0
1867,89.4
1868,89.60000000000001
1869,95.2
1870,93.60000000000001
1871,84.80000000000001
1872,90.60000000000001
1873,96.0
1874,96.80000000000001
1875,89.60000000000001
1876,91.4
1877,95.80000000000001
1878,95.0
1879,97.0
1880,96.4
1881,92.0
1882,96.60000000000001
1883,91.4
1884,91.60000000000001
1885,88.2
1886,88.0
1887,89.2
1888,88.4
1889,94.60000000000001
1890,94.2
1891,95.0
1892,88.80000000000001
1893,88.2
1894,94.4
1895,88.80000000000001
1896,92.2
1897,94.60000000000001
1898,88.60000000000001
1899,89.80000000000001
1900,95.60000000000001
1901,96.2
1902,94.80000000000001
1903,91.60000000000001
1904,97.2
1905,94.4
1906,87.80000000000001
1907,93.0
1908,97.80000000000001
1909,95.60000000000001
1910,93.60000000000001
1911,95.2
1912,99.0
1913,94.60000000000001
1914,89.60000000000001
1915,90.60000000000001
1916,90.4
1917,98.2
1918,97.80000000000001
1919,96.60000000000001
1920,87.60000000000001
1921,89.0
1922,89.80000000000001
1923,88.80000000000001
1924,88.2
1925,90.80000000000001
1926,91.80000000000001
1927,90.0
1928,87.60000000000001
1929,89.0
1930,93.0
1931,96.4
1932,93.60000000000001
1933,96.2
1934,91.80000000000001
1935,90.4
1936,88.4
1937,88.60000000000001
1938,88.60000000000001
1939,89.0
1940,87.60000000000001
1941,91.2
1942,91.4
1943,91.2
1944,92.0
1945,93.0
1946,89.0
1947,88.0
1948,89.0
1949,88.60000000000001
1950,95.80000000000001
1951,92.60000000000001
1952,93.0
1953,95.60000000000001
1954,94.60000000000001
1955,91.0
1956,88.80000000000001
1957,91.0
1958,95.2
1959,94.2
1960,91.4
1961,96.4
1962,91.80000000000001
1963,93.60000000000001
1964,96.0
1965,92.2
1966,88.80000000000001
1967,92.0
1968,92.2
1969,91.60000000000001
1970,94.60000000000001
1971,93.80000000000001
1972,94.80000000000001
1973,95.4
1974,93.0
1975,95.4
1976,92.80000000000001
1977,92.4
1978,91.80000000000001
1979,94.0
1980,94.4
1981,94.80000000000001
1982,98.2
1983,99.60000000000001
1984,103.0
1985,100.60000000000001
1986,101.0
1987,92.80000000000001
1988,101.0
1989,98.60000000000001
1990,97.60000000000001
1991,107.4
1992,96.0
1993,104.80000000000001
1994,87.80000000000001
1995,87.80000000000001
1996,97.80000000000001
1997,101.0
1998,98.4
1999,94.4
2000,97.4
2001,89.80000000000001
2002,92.0
2003,88.80000000000001
2004,90.0
2005,91.2
2006,89.4
2007,88.4
2008,91.4
2009,88.80000000000001
2010,93.4
2011,89.80000000000001
2012,87.80000000000001
2013,88.2
2014,94.4
2015,91.80000000000001
2016,87.80000000000001
2017,88.2
2018,88.80000000000001
2019,88.80000000000001
2020,91.2
2021,88.80000000000001
2022,92.60000000000001
2023,91.60000000000001
2024,90.60000000000001
2025,91.2
2026,92.80000000000001
2027,92.4
2028,92.4
2029,88.2
2030,94.2
2031,91.4
2032,90.4
2033,91.80000000000001
2034,93.2
2035,89.0
2036,94.80000000000001
2037,95.2
2038,95.0
2039,87.2
2040,90.80000000000001
2041,90.60000000000001
2042,91.80000000000001
2043,93.60000000000001
2044,93.4
2045,92.2
2046,94.0
2047,94.80000000000001
2048,92.4
2049,92.60000000000001
2050,93.4
2051,94.2
2052,94.0
2053,94.0
2054,93.4
2055,97.0
2056,94.4
2057,98.2
2058,97.2
2059,99.0
2060,90.4
2061,100.60000000000001
2062,98.60000000000001
2063,97.80000000000001
2064,98.60000000000001
2065,97.60000000000001
2066,98.4
2067,101.80000000000001
2068,100.60000000000001
2069,88.80000000000001
2070,88.80000000000001
2071,98.80000000000001
2072,100.2
2073,105.0
2074,90.0
2075,89.4
2076,97.60000000000001
2077,104.60000000000001
2078,96.60000000000001
2079,97.2
2080,105.0
2081,96.0
2082,89.2
2083,91.60000000000001
2084,88.0
2085,88.0
2086,88.0
2087,91.2
2088,87.4
2089,88.2
2090,88.80000000000001
2091,88.4
2092,88.4
2093,88.80000000000001
2094,89.0
2095,88.80000000000001
2096,88.2
2097,88.60000000000001
2098,89.0
2099,87.60000000000001
2100,88.4
2101,87.0
2102,87.80000000000001
2103,87.2
2104,87.2
2105,87.4
2106,88.4
2107,89.2
2108,87.60000000000001
2109,88.4
2110,90.60000000000001
2111,91.2
2112,87.0
2113,90.80000000000001
2114,91.4
2115,92.60000000000001
2116,91.80000000000001
2117,87.2
2118,93.80000000000001
2119,92.80000000000001
2120,94.80000000000001
2121,92.80000000000001
2122,96.80000000000001
2123,94.60000000000001
2124,88.0
2125,97.60000000000001
2126,96.80000000000001
2127,97.0
2128,90.60000000000001
2129,89.2
2130,92.0
2131,96.4
2132,86.80000000000001
2133,96.60000000000001
2134,87.4
2135,88.4
2136,87.80000000000001
2137,87.2
2138,91.0
2139,88.60000000000001
2140,86.80000000000001
2141,94.2
2142,95.2
2143,89.60000000000001
2144,92.4
2145,89.2
2146,95.0
2147,93.0
2148,88.80000000000001
2149,94.60000000000001
2150,98.0
2151,87.80000000000001
2152,96.60000000000001
2153,97.4
2154,95.4
2155,87.80000000000001
2156,98.2
2157,88.0
2158,94.60000000000001
2159,97.60000000000001
2160,89.4
2161,90.2
2162,100.4
2163,99.60000000000001
2164,87.80000000000001
2165,87.4
2166,88.2
2167,97.80000000000001
2168,96.80000000000001
2169,88.2
2170,87.60000000000001
2171,87.80000000000001
2172,90.2
2173,89.2
2174,89.80000000000001
2175,94.80000000000001
2176,90.4
2177,88.4
2178,88.2
2179,88.4
2180,87.4
2181,92.80000000000001
2182,94.0
2183,92.4
2184,90.80000000000001
2185,86.0
2186,88.60000000000001
2187,91.60000000000001
2188,91.2
2189,95.2
2190,89.80000000000001
2191,94.2
2192,94.4
2193,94.0
2194,99.4
2195,89.0
2196,96.4
2197,96.60000000000001
2198,98.4
2199,89.80000000000001
2200,100.0
2201,89.2
2202,89.2
2203,89.2
2204,89.60000000000001
2205,89.2
2206,89.4
2207,99.0
2208,89.4
2209,94.4
2210,92.2
2211,89.4
2212,95.80000000000001
2213,93.2
2214,94.0
2215,89.80000000000001
2216,93.2
2217,97.2
2218,99.2
2219,89.80000000000001
2220,89.2
2221,90.4
2222,90.0
2223,89.2
2224,95.80000000000001
2225,89.0
2226,98.0
2227,96.80000000000001
2228,98.80000000000001
2229,98.2
2230,95.80000000000001
2231,87.60000000000001
2232,89.4
2233,95.2
2234,94.80000000000001
2235,95.0
2236,88.0
2237,86.4
2238,89.0
2239,96.2
2240,88.80000000000001
2241,90.2
2242,94.2
2243,94.0
2244,93.0
2245,96.0
2246,93.80000000000001
2247,97.4
2248,91.0
2249,89.80000000000001
2250,96.4
2251,96.2
2252,95.80000000000001
2253,92.0
2254,94.4
2255,93.4
2256,98.4
2257,90.80000000000001
2258,97.80000000000001
2259,97.0
2260,97.2
2261,97.60000000000001
2262,98.4
2263,97.0
2264,99.2
2265,95.80000000000001
2266,91.60000000000001
2267,92.4
2268,91.80000000000001
2269,100.60000000000001
2270,98.0
2271,90.80000000000001
2272,98.4
2273,99.80000000000001
2274,102.0
2275,102.4
2276,89.4
2277,100.60000000000001
2278,87.80000000000001
2279,86.80000000000001
2280,90.2
2281,100.2
2282,87.0
2283,87.4
2284,101.80000000000001
2285,85.80000000000001
2286,97.0
2287,99.80000000000001
2288,98.4
2289,103.2
2290,99.2
2291,100.2
2292,102.2
2293,100.2
2294,85.80000000000001
2295,99.80000000000001
2296,104.80000000000001
2297,97.0
2298,100.2
2299,86.0
2300,99.60000000000001
2301,84.80000000000001
2302,92.4
2303,96.2
2304,100.80000000000001
2305,99.4
2306,85.80000000000001
2307,98.2
2308,100.60000000000001
2309,86.60000000000001
2310,98.60000000000001
2311,85.60000000000001
2312,94.80000000000001
2313,99.0
2314,98.80000000000001
2315,98.4
2316,99.60000000000001
2317,95.0
2318,96.60000000000001
2319,92.0
2320,101.2
2321,87.60000000000001
2322,99.0
2323,103.2
2324,96.80000000000001
2325,104.0
2326,104.2
2327,106.60000000000001
2328,105.4
2329,103.2
2330,91.60000000000001
2331,107.80000000000001
2332,108.4
2333,107.60000000000001
2334,99.0
2335,88.4
2336,91.0
2337,114.0
2338,102.80000000000001
2339,102.4
2340,108.60000000000001
2341,88.4
2342,95.0
2343,84.60000000000001
2344,85.0
2345,84.80000000000001
2346,84.80000000000001
2347,84.60000000000001
2348,92.80000000000001
2349,88.4
2350,95.2
2351,89.4
2352,84.0
2353,97.60000000000001
2354,91.2
2355,101.4
2356,87.60000000000001
2357,83.80000000000001
2358,85.60000000000001
2359,89.2
2360,95.4
2361,89.80000000000001
2362,97.0
2363,96.0
2364,83.4
2365,100.2
2366,98.60000000000001
2367,84.2
2368,89.60000000000001
2369,85.60000000000001
2370,95.4
2371,85.60000000000001
2372,85.2
2373,94.2
2374,100.2
2375,85.4
2376,83.80000000000001
2377,90.0
2378,91.60000000000001
2379,86.2
2380,93.80000000000001
2381,84.80000000000001
2382,88.60000000000001
2383,88.0
2384,86.0
2385,91.2
2386,92.2
2387,95.0
2388,86.80000000000001
2389,87.2
2390,88.80000000000001
2391,85.60000000000001
2392,86.2
2393,92.0
2394,86.80000000000001
2395,92.4
2396,89.0
2397,92.60000000000001
2398,94.4
2399,94.80000000000001
2400,93.60000000000001
2401,94.60000000000001
2402,95.0
2403,84.2
2404,87.80000000000001
2405,95.4
2406,98.80000000000001
2407,93.2
2408,84.2
2409,84.60000000000001
2410,84.0
2411,84.2
2412,83.60000000000001
2413,84.2
2414,95.4
2415,98.0
2416,85.80000000000001
2417,85.2
2418,86.0
2419,85.60000000000001
2420,93.4
2421,84.2
2422,93.4
2423,84.0
2424,85.0
2425,84.4
2426,86.80000000000001
2427,83.80000000000001
2428,94.60000000000001
2429,89.80000000000001
2430,84.60000000000001
2431,84.2
2432,84.60000000000001
2433,84.80000000000001
2434,83.2
2435,84.2
2436,84.0
2437,83.80000000000001
2438,85.4
2439,84.0
2440,86.2
2441,90.2
2442,84.80000000000001
2443,87.2
2444,90.4
2445,84.60000000000001
2446,84.60000000000001
2447,86.60000000000001
2448,85.0
2449,94.60000000000001
2450,90.4
2451,85.60000000000001
2452,93.2
2453,97.80000000000001
2454,98.60000000000001
2455,98.2
2456,99.0
2457,99.0
2458,112.0
2459,84.0
2460,84.2
2461,85.80000000000001
2462,95.2
2463,87.80000000000001
2464,90.80000000000001
2465,92.60000000000001
2466,99.0
2467,89.60000000000001
2468,99.0
2469,97.80000000000001
2470,86.4
2471,101.60000000000001
2472,92.60000000000001
2473,97.4
2474,88.80000000000001
2475,87.0
2476,93.80000000000001
2477,107.80000000000001
2478,93.4
2479,90.80000000000001
2480,88.4
2481,92.60000000000001
2482,98.0
2483,96.60000000000001
2484,94.60000000000001
2485,100.80000000000001
2486,100.80000000000001
2487,104.0
2488,107.80000000000001
2489,102.2
2490,101.60000000000001
2491,93.4
2492,100.80000000000001
2493,103.4
2494,101.2
2495,110.60000000000001
2496,104.4
2497,110.60000000000001
2498,104.80000000000001
2499,114.60000000000001
2500,100.4
2501,102.60000000000001
2502,111.80000000000001
2503,106.60000000000001
2504,107.0
2505,103.2
2506,105.2
2507,111.60000000000001
2508,102.60000000000001
2509,111.4
2510,106.2
2511,112.0
2512,112.60000000000001
2513,109.80000000000001
2514,117.0
2515,116.60000000000001
2516,105.60000000000001
2517,115.80000000000001
2518,120.0
2519,110.4
2520,117.0
2521,102.60000000000001
2522,101.80000000000001
2523,120.80000000000001
2524,108.4
2525,112.80000000000001
2526,87.0
2527,106.60000000000001
2528,91.80000000000001
2529,88.80000000000001
2530,86.4
2531,99.4
2532,86.2
2533,87.80000000000001
2534,85.4
2535,90.2
2536,89.0
2537,95.4
2538,85.2
2539,109.2
2540,85.80000000000001
2541,106.80000000000001
2542,86.2
2543,112.4
2544,96.0
2545,84.80000000000001
2546,87.4
2547,90.4
2548,82.2
2549,87.4
2550,90.60000000000001
2551,101.2
2552,95.80000000000001
2553,103.0
2554,96.60000000000001
2555,87.2
2556,107.0
2557,103.60000000000001
2558,107.2
2559,87.2
2560,105.2
2561,90.80000000000001
2562,90.80000000000001
2563,105.60000000000001
2564,106.4
2565,110.0
2566,99.2
2567,102.4
2568,86.4
2569,91.60000000000001
2570,109.2
2571,86.4
2572,105.4
2573,90.0
2574,107.4
2575,102.4
2576,90.4
2577,92.2
2578,88.2
2579,90.2
2580,97.60000000000001
2581,112.2
2582,105.80000000000001
2583,112.60000000000001
2584,104.0
2585,105.4
2586,106.0
2587,90.0
2588,112.4
2589,105.60000000000001
2590,84.80000000000001
2591,95.60000000000001
2592,110.2
2593,109.0
2594,104.80000000000001
2595,106.2
2596,86.0
2597,86.2
2598,100.2
2599,107.0
2600,121.80000000000001
2601,106.4
2602,88.80000000000001
2603,118.2
2604,84.60000000000001
2605,86.2
2606,114.2
2607,102.0
2608,104.2
2609,85.2
2610,108.80000000000001
2611,116.80000000000001
2612,115.2
2613,117.2
2614,106.2
2615,87.60000000000001
2616,93.80000000000001
2617,118.4
2618,85.60000000000001
2619,107.4
2620,109.4
2621,97.60000000000001
2622,86.4
2623,85.80000000000001
2624,113.4
2625,85.0
2626,85.0
2627,105.60000000000001
2628,85.80000000000001
2629,98.80000000000001
2630,110.4
2631,109.80000000000001
2632,98.2
2633,96.80000000000001
2634,85.4
2635,105.60000000000001
2636,89.60000000000001
2637,109.60000000000001
2638,111.2
2639,109.60000000000001
2640,112.60000000000001
2641,85.4
2642,110.80000000000001
2643,98.80000000000001
2644,110.60000000000001
2645,110.4
2646,82.4
2647,96.4
2648,115.0
2649,92.60000000000001
2650,112.80000000000001
2651,110.0
2652,108.4
2653,131.20000000000002
2654,129.6
2655,97.80000000000001
2656,108.4
2657,88.2
2658,88.4
2659,116.0
2660,107.0
2661,88.60000000000001
2662,117.4
2663,87.4
2664,89.0
2665,91.60000000000001
2666,96.4
2667,101.60000000000001
2668,108.4
2669,128.6
2670,85.0
2671,82.0
2672,90.0
2673,129.8
2674,114.2
2675,110.80000000000001
2676,129.4
2677,88.4
2678,95.60000000000001
2679,128.20000000000002
2680,111.0
2681,106.2
2682,85.80000000000001
2683,102.2
2684,100.60000000000001
2685,91.4
2686,102.4
2687,103.80000000000001
2688,87.2
2689,86.2
2690,87.0
2691,85.2
2692,85.4
2693,84.80000000000001
2694,91.0
2695,88.2
2696,85.2
2697,85.0
2698,86.80000000000001
2699,86.4
2700,92.0
2701,92.60000000000001
2702,106.2
2703,100.60000000000001
2704,97.80000000000001
2705,124.80000000000001
2706,116.2
2707,108.60000000000001
2708,111.4
2709,119.2
2710,106.4
2711,89.80000000000001
2712,121.60000000000001
2713,132.20000000000002
2714,131.8
2715,134.20000000000002
2716,95.4
2717,85.80000000000001
2718,95.80000000000001
2719,87.4
2720,121.80000000000001
2721,102.60000000000001
2722,88.60000000000001
2723,85.60000000000001
2724,87.60000000000001
2725,86.2
2726,86.2
2727,84.60000000000001
2728,94.0
2729,89.0
2730,85.0
2731,87.2
2732,84.80000000000001
2733,85.60000000000001
2734,96.60000000000001
2735,89.0
2736,86.0
2737,85.4
2738,86.4
2739,95.0
2740,86.0
2741,86.0
2742,84.80000000000001
2743,85.4
2744,93.4
2745,87.80000000000001
2746,106.2
2747,122.0
2748,106.60000000000001
2749,98.4
2750,98.4
2751,103.60000000000001
2752,90.2
2753,110.80000000000001
2754,85.80000000000001
2755,85.0
2756,99.0
2757,84.80000000000001
2758,89.4
2759,85.0
2760,83.80000000000001
2761,84.80000000000001
2762,84.80000000000001
2763,89.60000000000001
2764,84.2
2765,85.4
2766,83.60000000000001
2767,85.2
2768,85.80000000000001
2769,86.4
2770,102.80000000000001
2771,85.4
2772,86.0
2773,91.2
2774,92.60000000000001
2775,99.0
2776,87.4
2777,94.2
2778,90.60000000000001
2779,93.60000000000001
2780,92.80000000000001
2781,85.2
2782,85.2
2783,98.80000000000001
2784,94.2
2785,86.4
2786,84.4
2787,92.2
2788,84.4
2789,85.60000000000001
2790,84.80000000000001
2791,84.4
2792,83.60000000000001
2793,83.60000000000001
2794,83.4
2795,83.80000000000001
2796,86.4
2797,83.60000000000001
2798,86.2
2799,93.0
2800,93.0
2801,86.2
2802,84.0
2803,83.4
2804,83.60000000000001
2805,83.80000000000001
2806,84.0
2807,83.4
2808,83.4
2809,84.0
2810,97.60000000000001
2811,101.4
2812,84.2
2813,99.4
2814,83.0
2815,84.4
2816,83.60000000000001
2817,85.4
2818,101.4
2819,101.60000000000001
2820,94.60000000000001
2821,92.4
2822,86.2
2823,84.60000000000001
2824,85.0
2825,85.4
2826,84.2
2827,96.60000000000001
2828,84.2
2829,90.4
2830,88.4
2831,89.2
2832,84.80000000000001
2833,86.60000000000001
2834,87.60000000000001
2835,88.4
2836,87.60000000000001
2837,111.60000000000001
2838,86.60000000000001
2839,85.80000000000001
2840,108.2
2841,88.80000000000001
2842,87.4
2843,87.0
2844,86.80000000000001
2845,88.2
2846,90.80000000000001
2847,99.4
2848,90.60000000000001
2849,91.4
2850,108.80000000000001
2851,85.80000000000001
2852,102.80000000000001
2853,87.2
2854,89.0
2855,86.4
2856,99.80000000000001
2857,94.2
2858,99.2
2859,93.0
2860,88.80000000000001
2861,84.60000000000001
2862,85.2
2863,85.0
2864,97.80000000000001
2865,85.4
2866,86.0
2867,87.4
2868,88.2
2869,86.4
2870,91.80000000000001
2871,87.80000000000001
2872,87.80000000000001
2873,84.60000000000001
2874,86.80000000000001
2875,107.4
2876,95.0
2877,87.0
2878,87.60000000000001
2879,118.4
2880,97.80000000000001
2881,112.80000000000001
2882,115.4
2883,97.0
2884,96.2
2885,117.4
2886,99.0
2887,121.0
2888,87.0
2889,99.80000000000001
2890,124.2
2891,140.0
2892,91.60000000000001
2893,122.80000000000001
2894,106.80000000000001
2895,92.0
2896,91.80000000000001
2897,94.80000000000001
2898,92.0
2899,92.0
2900,91.4
2901,92.2
2902,93.80000000000001
2903,117.2
2904,91.0
2905,89.0
2906,92.4
2907,88.60000000000001
2908,92.0
2909,94.80000000000001
2910,90.4
2911,90.4
2912,86.60000000000001
2913,90.4
2914,111.0
2915,90.2
2916,89.0
2917,89.0
2918,81.60000000000001
2919,101.60000000000001
2920,89.4
2921,87.0
2922,99.80000000000001
2923,100.2
2924,93.60000000000001
2925,128.20000000000002
2926,94.2
2927,95.2
2928,100.2
2929,95.4
2930,90.2
2931,98.80000000000001
2932,89.60000000000001
2933,88.80000000000001
2934,93.2
2935,95.80000000000001
2936,88.2
2937,84.0
2938,83.2
2939,86.0
2940,95.60000000000001
2941,130.8
2942,90.0
2943,108.0
2944,83.80000000000001
2945,93.80000000000001
2946,109.4
2947,85.60000000000001
2948,83.80000000000001
2949,96.0
2950,94.2
2951,92.4
2952,84.0
2953,84.4
2954,86.80000000000001
2955,94.0
2956,100.2
2957,85.60000000000001
2958,84.4
2959,86.0
2960,84.60000000000001
2961,85.4
2962,84.80000000000001
2963,84.4
2964,84.2
2965,84.0
2966,84.2
2967,83.2
2968,85.80000000000001
2969,83.60000000000001
2970,84.80000000000001
2971,85.0
2972,83.80000000000001
2973,84.80000000000001
2974,98.4
2975,86.0
2976,84.0
2977,84.60000000000001
2978,88.2
2979,85.2
2980,84.2
2981,90.2
2982,84.2
2983,83.80000000000001
2984,84.2
2985,84.0
2986,85.0
2987,84.4
2988,85.4
2989,86.60000000000001
2990,84.80000000000001
2991,93.2
2992,96.80000000000001
2993,84.4
2994,85.0
2995,85.60000000000001
2996,85.0
2997,93.2
2998,85.0
2999,85.60000000000001
3000,85.80000000000001
3001,85.0
3002,85.80000000000001
3003,85.80000000000001
3004,86.80000000000001
3005,85.4
3006,86.0
3007,84.80000000000001
3008,85.60000000000001
3009,85.2
3010,83.60000000000001
3011,84.2
3012,85.2
3013,83.60000000000001
3014,84.4
3015,84.0
3016,84.4
3017,84.60000000000001
3018,84.4
3019,83.4
3020,83.60000000000001
3021,84.0
3022,84.60000000000001
3023,84.4
3024,83.4
3025,84.2
3026,85.60000000000001
3027,85.4
3028,84.80000000000001
3029,85.0
3030,85.4
3031,84.4
3032,85.4
3033,85.4
3034,85.2
3035,85.4
3036,85.4
3037,85.80000000000001
3038,85.80000000000001
3039,86.0
3040,85.4
3041,85.2
3042,85.4
3043,84.80000000000001
3044,85.0
3045,84.60000000000001
3046,84.4
3047,84.80000000000001
3048,85.0
3049,84.0
3050,84.80000000000001
3051,84.60000000000001
3052,84.80000000000001
3053,84.80000000000001
3054,84.60000000000001
3055,83.80000000000001
3056,85.0
3057,85.60000000000001
3058,84.60000000000001
3059,84.2
3060,83.60000000000001
3061,83.60000000000001
3062,85.0
3063,84.4
3064,84.2
3065,85.2
3066,85.2
3067,84.60000000000001
3068,84.80000000000001
3069,85.2
3070,84.60000000000001
3071,86.0
3072,84.80000000000001
3073,84.2
3074,84.60000000000001
3075,86.0
3076,85.0
3077,85.0
3078,85.4
3079,84.80000000000001
3080,84.60000000000001
3081,84.2
3082,84.2
3083,84.60000000000001
3084,83.80000000000001
3085,84.4
3086,85.2
3087,84.4
3088,84.2
3089,84.60000000000001
3090,84.2
3091,84.4
3092,84.60000000000001
3093,84.80000000000001
3094,85.0
3095,84.4
3096,84.0
3097,83.80000000000001
3098,84.0
3099,84.2
3100,83.80000000000001
3101,83.60000000000001
3102,83.80000000000001
3103,83.60000000000001
3104,84.2
3105,84.80000000000001
3106,83.80000000000001
3107,85.4
3108,83.60000000000001
3109,84.4
3110,83.60000000000001
3111,83.60000000000001
3112,84.0
3113,83.80000000000001
3114,83.60000000000001
3115,83.80000000000001
3116,83.60000000000001
3117,83.4
3118,83.4
3119,83.60000000000001
3120,83.60000000000001
3121,83.60000000000001
3122,83.60000000000001
3123,83.60000000000001
3124,83.60000000000001
3125,83.60000000000001
3126,83.4
3127,83.60000000000001
3128,85.0
3129,83.80000000000001
3130,83.60000000000001
3131,83.80000000000001
3132,83.4
3133,84.0
3134,83.4
3135,83.4
3136,83.60000000000001
3137,85.4
3138,84.60000000000001
3139,83.60000000000001
3140,83.80000000000001
3141,84.2
3142,83.80000000000001
3143,85.0
3144,84.80000000000001
3145,84.80000000000001
3146,84.0
3147,84.4
3148,85.2
3149,84.2
3150,84.0
3151,84.4
3152,84.2
3153,84.2
3154,84.2
3155,85.0
3156,85.2
3157,83.4
3158,83.80000000000001
3159,84.4
3160,84.0
3161,84.2
3162,83.4
3163,84.2
3164,84.4
3165,84.4
3166,87.0
3167,85.60000000000001
3168,84.80000000000001
3169,83.60000000000001
3170,84.4
3171,82.4
3172,85.4
3173,81.80000000000001
3174,83.80000000000001
3175,84.4
3176,84.2
3177,85.0
3178,86.0
3179,86.0
3180,84.60000000000001
3181,85.2
3182,84.4
3183,84.2
3184,85.0
3185,84.80000000000001
3186,81.4
3187,87.60000000000001
3188,83.80000000000001
3189,83.80000000000001
3190,83.4
3191,83.4
3192,83.80000000000001
3193,83.4
3194,85.80000000000001
3195,84.0
3196,83.80000000000001
3197,83.60000000000001
3198,83.60000000000001
3199,83.60000000000001
3200,83.80000000000001
3201,84.2
3202,83.80000000000001
3203,83.80000000000001
3204,86.4
3205,83.0
3206,84.60000000000001
3207,83.2
3208,84.4
3209,83.80000000000001
3210,83.60000000000001
3211,83.80000000000001
3212,84.0
3213,83.80000000000001
3214,84.0
3215,83.4
3216,83.4
3217,83.4
3218,83.80000000000001
3219,83.4
3220,83.60000000000001
3221,84.0
3222,83.60000000000001
3223,83.4
3224,83.2
3225,84.80000000000001
3226,83.4
3227,84.0
3228,84.2
3229,84.0
3230,84.0
3231,84.0
3232,84.2
3233,84.2
3234,84.60000000000001
3235,84.60000000000001
3236,86.80000000000001
3237,85.4
3238,88.4
3239,84.2
3240,85.0
3241,85.4
3242,85.0
3243,84.2
3244,83.4
3245,83.4
3246,84.80000000000001
3247,86.0
3248,89.0
3249,84.2
3250,84.60000000000001
3251,85.4
3252,85.0
3253,84.4
3254,84.4
3255,83.80000000000001
3256,83.80000000000001
3257,83.80000000000001
3258,85.80000000000001
3259,83.80000000000001
3260,85.4
3261,85.4
3262,83.4
3263,88.0
3264,83.60000000000001
3265,85.2
3266,84.80000000000001
3267,84.80000000000001
3268,85.2
3269,84.60000000000001
3270,84.2
3271,84.60000000000001
3272,90.0
3273,85.2
3274,89.2
3275,85.0
3276,83.60000000000001
3277,83.80000000000001
3278,83.60000000000001
3279,84.2
3280,83.4
3281,84.2
3282,83.60000000000001
3283,84.80000000000001
3284,83.4
3285,88.80000000000001
3286,84.2
3287,83.60000000000001
3288,83.2
3289,83.60000000000001
3290,84.4
3291,84.2
3292,84.4
3293,83.4
3294,84.0
3295,92.2
3296,86.80000000000001
3297,83.4
3298,83.60000000000001
3299,83.4
3300,84.0
3301,85.60000000000001
3302,86.2
3303,84.2
3304,83.80000000000001
3305,83.4
3306,84.0
3307,86.4
3308,83.4
3309,83.80000000000001
3310,88.60000000000001
3311,88.80000000000001
3312,88.60000000000001
3313,83.60000000000001
3314,86.60000000000001
3315,89.80000000000001
3316,84.0
3317,83.4
3318,83.4
3319,87.80000000000001
3320,91.80000000000001
3321,89.4
3322,89.4
3323,91.0
3324,87.60000000000001
3325,87.60000000000001
3326,84.80000000000001
3327,91.0
3328,88.80000000000001
3329,91.80000000000001
3330,86.60000000000001
3331,84.4
3332,88.4
3333,89.4
3334,86.2
3335,91.4
3336,87.60000000000001
3337,91.2
3338,90.2
3339,84.0
3340,89.0
3341,89.80000000000001
3342,90.60000000000001
3343,83.80000000000001
3344,84.80000000000001
3345,83.80000000000001
3346,84.80000000000001
3347,85.2
3348,84.0
3349,84.2
3350,85.2
3351,85.2
3352,83.80000000000001
3353,84.0
3354,87.80000000000001
3355,83.80000000000001
3356,84.2
3357,88.4
3358,84.2
3359,84.0
3360,85.60000000000001
3361,84.80000000000001
3362,86.0
3363,84.4
3364,84.2
3365,83.80000000000001
3366,84.4
3367,90.2
3368,85.80000000000001
3369,84.4
3370,83.4
3371,84.4
3372,84.2
3373,84.60000000000001
3374,87.80000000000001
3375,87.2
3376,91.80000000000001
3377,88.80000000000001
3378,89.2
3379,83.80000000000001
3380,84.2
3381,89.80000000000001
3382,90.2
3383,87.4
3384,92.80000000000001
3385,86.2
3386,89.80000000000001
3387,86.4
3388,84.80000000000001
3389,88.0
3390,92.80000000000001
3391,89.4
3392,84.60000000000001
3393,85.60000000000001
3394,85.2
3395,84.2
3396,85.60000000000001
3397,89.60000000000001
3398,94.0
3399,89.80000000000001
3400,94.60000000000001
3401,87.0
3402,92.60000000000001
3403,92.60000000000001
3404,88.4
3405,82.4
3406,92.4
3407,94.4
3408,91.80000000000001
3409,96.4
3410,93.0
3411,94.60000000000001
3412,93.80000000000001
3413,93.60000000000001
3414,92.0
3415,93.60000000000001
3416,84.80000000000001
3417,85.60000000000001
3418,89.80000000000001
3419,86.2
3420,93.0
3421,92.2
3422,91.60000000000001
3423,92.60000000000001
3424,91.4
3425,84.2
3426,84.2
3427,85.80000000000001
3428,94.2
3429,91.60000000000001
3430,84.80000000000001
3431,94.2
3432,91.0
3433,93.60000000000001
3434,87.2
3435,91.4
3436,90.4
3437,91.60000000000001
3438,93.80000000000001
3439,93.0
3440,84.60000000000001
3441,93.60000000000001
3442,94.4
3443,94.60000000000001
3444,95.60000000000001
3445,94.0
3446,93.0
3447,95.80000000000001
3448,90.4
3449,94.0
3450,95.80000000000001
3451,101.80000000000001
3452,93.80000000000001
3453,95.2
3454,97.4
3455,96.4
3456,84.2
3457,84.60000000000001
3458,84.2
3459,84.80000000000001
3460,99.60000000000001
3461,83.80000000000001
3462,84.0
3463,86.80000000000001
3464,93.4
3465,84.0
3466,84.80000000000001
3467,84.60000000000001
3468,97.60000000000001
3469,93.60000000000001
3470,95.60000000000001
3471,96.0
3472,84.80000000000001
3473,88.2
3474,97.80000000000001
3475,86.2
3476,84.2
3477,85.2
3478,90.60000000000001
3479,94.0
3480,94.0
3481,93.80000000000001
3482,94.4
3483,95.80000000000001
3484,95.2
3485,95.4
3486,96.4
3487,95.0
3488,97.2
3489,91.60000000000001
3490,92.2
3491,96.60000000000001
3492,99.4
3493,101.80000000000001
3494,94.80000000000001
3495,88.0
3496,94.0
3497,89.0
3498,103.2
3499,84.4
3500,95.60000000000001
3501,99.80000000000001
3502,85.2
3503,84.0
3504,85.60000000000001
3505,95.60000000000001
3506,93.60000000000001
3507,96.80000000000001
3508,96.0
3509,98.60000000000001
3510,85.2
3511,92.4
3512,87.0
3513,94.80000000000001
3514,95.0
3515,94.4
3516,92.60000000000001
3517,87.0
3518,87.80000000000001
3519,97.2
3520,85.80000000000001
3521,86.80000000000001
3522,84.2
3523,86.4
3524,92.80000000000001
3525,85.0
3526,92.2
3527,95.0
3528,89.60000000000001
3529,95.0
3530,98.80000000000001
3531,98.2
3532,95.0
3533,97.60000000000001
3534,96.80000000000001
3535,98.80000000000001
3536,97.80000000000001
3537,100.0
3538,99.4
3539,98.80000000000001
3540,97.2
3541,86.60000000000001
3542,96.60000000000001
3543,101.4
3544,95.60000000000001
3545,98.80000000000001
3546,100.2
3547,102.0
3548,101.4
3549,99.80000000000001
3550,100.0
3551,98.0
3552,99.4
3553,95.4
3554,100.2
3555,88.0
3556,98.60000000000001
3557,97.80000000000001
3558,105.0
3559,103.2
3560,98.4
3561,98.4
3562,98.2
3563,104.80000000000001
3564,107.0
3565,104.60000000000001
3566,106.0
3567,100.80000000000001
3568,106.60000000000001
3569,103.80000000000001
3570,104.60000000000001
3571,90.4
3572,102.60000000000001
3573,106.4
3574,105.4
3575,104.80000000000001
3576,105.60000000000001
3577,107.80000000000001
3578,105.4
3579,111.60000000000001
3580,111.4
3581,108.0
3582,104.0
3583,106.0
3584,108.0
3585,104.0
3586,85.80000000000001
3587,86.60000000000001
3588,85.0
3589,87.0
3590,84.2
3591,83.60000000000001
3592,84.80000000000001
3593,97.4
3594,84.2
3595,85.80000000000001
3596,84.60000000000001
3597,91.4
3598,85.60000000000001
3599,85.0
3600,84.4
3601,86.2
3602,98.2
3603,101.60000000000001
3604,85.60000000000001
3605,86.60000000000001
3606,86.4
3607,100.80000000000001
3608,89.4
3609,83.80000000000001
3610,84.60000000000001
3611,85.0
3612,89.0
3613,89.4
3614,86.2
3615,85.2
3616,97.60000000000001
3617,96.80000000000001
3618,97.60000000000001
3619,95.80000000000001
3620,98.2
3621,99.80000000000001
3622,97.80000000000001
3623,99.80000000000001
3624,100.2
3625,97.80000000000001
3626,99.2
3627,100.4
3628,99.2
3629,100.4
3630,99.60000000000001
3631,100.80000000000001
3632,102.2
3633,98.80000000000001
3634,99.60000000000001
3635,101.2
3636,100.80000000000001
3637,101.0
3638,102.60000000000001
3639,103.4
3640,102.4
3641,102.0
3642,86.60000000000001
3643,106.60000000000001
3644,100.4
3645,99.4
3646,102.2
3647,101.2
3648,104.60000000000001
3649,108.4
3650,104.80000000000001
3651,109.2
3652,85.2
3653,103.80000000000001
3654,107.0
3655,84.4
3656,87.0
3657,104.4
3658,85.80000000000001
3659,90.60000000000001
3660,103.60000000000001
3661,105.0
3662,100.60000000000001
3663,106.4
3664,107.2
3665,108.80000000000001
3666,108.80000000000001
3667,105.80000000000001
3668,104.2
3669,106.0
3670,106.2
3671,110.80000000000001
3672,109.4
3673,108.80000000000001
3674,103.2
3675,86.4
3676,111.80000000000001
3677,84.2
3678,108.4
3679,112.2
3680,107.60000000000001
3681,84.4
3682,84.2
3683,84.80000000000001
3684,85.4
3685,85.60000000000001
3686,84.2
3687,84.60000000000001
3688,85.0
3689,84.0
3690,85.60000000000001
3691,84.4
3692,86.0
3693,85.2
3694,100.60000000000001
3695,100.4
3696,106.4
3697,102.2
3698,101.80000000000001
3699,102.60000000000001
3700,102.2
3701,104.60000000000001
3702,99.0
3703,101.4
3704,101.0
3705,105.60000000000001
3706,85.4
3707,88.4
3708,101.60000000000001
3709,103.80000000000001
3710,103.80000000000001
3711,104.80000000000001
3712,108.4
3713,106.80000000000001
3714,105.2
3715,106.4
3716,106.2
3717,106.60000000000001
3718,86.2
3719,85.2
3720,86.2
3721,108.0
3722,105.4
3723,106.80000000000001
3724,108.0
3725,105.60000000000001
3726,101.80000000000001
3727,112.80000000000001
3728,85.0
3729,84.0
3730,84.2
3731,84.4
3732,107.0
3733,101.0
3734,104.80000000000001
3735,110.4
3736,110.4
3737,108.0
3738,108.60000000000001
3739,109.2
3740,108.4
3741,108.4
3742,106.2
3743,105.0
3744,104.2
3745,84.2
3746,100.2
3747,106.60000000000001
3748,106.60000000000001
3749,108.0
3750,86.4
3751,109.80000000000001
3752,108.80000000000001
3753,110.60000000000001
3754,83.60000000000001
3755,86.0
3756,108.60000000000001
3757,86.2
3758,85.60000000000001
3759,84.0
3760,84.4
3761,84.60000000000001
3762,84.0
3763,84.4
3764,104.0
3765,106.0
3766,102.4
3767,104.60000000000001
3768,105.80000000000001
3769,108.60000000000001
3770,105.0
3771,105.60000000000001
3772,104.60000000000001
3773,104.4
3774,105.60000000000001
3775,107.60000000000001
3776,107.2
3777,106.2
3778,107.0
3779,107.60000000000001
3780,109.2
3781,109.0
3782,115.0
3783,108.80000000000001
3784,87.2
3785,111.0
3786,85.80000000000001
3787,109.60000000000001
3788,85.60000000000001
3789,109.0
3790,84.2
3791,83.80000000000001
3792,105.80000000000001
3793,106.0
3794,105.60000000000001
3795,106.2
3796,111.60000000000001
3797,110.0
3798,111.60000000000001
3799,110.4
3800,111.60000000000001
3801,111.60000000000001
3802,113.4
3803,111.2
3804,84.2
3805,109.60000000000001
3806,112.2
3807,87.0
3808,114.0
3809,112.2
3810,112.2
3811,114.60000000000001
3812,114.2
3813,115.0
3814,118.0
3815,84.80000000000001
3816,87.60000000000001
3817,84.60000000000001
3818,87.0
3819,84.4
3820,84.80000000000001
3821,84.60000000000001
3822,84.60000000000001
3823,86.0
3824,84.80000000000001
3825,105.80000000000001
3826,84.2
3827,85.60000000000001
3828,101.80000000000001
3829,94.60000000000001
3830,105.60000000000001
3831,106.60000000000001
3832,106.4
3833,106.0
3834,106.4
3835,106.4
3836,108.2
3837,115.0
3838,102.60000000000001
3839,105.2
3840,106.0
3841,109.60000000000001
3842,109.2
3843,112.60000000000001
3844,110.2
3845,110.4
3846,113.4
3847,112.2
3848,117.4
3849,112.4
3850,115.2
3851,112.4
3852,111.60000000000001
3853,116.2
3854,112.60000000000001
3855,112.0
3856,113.4
3857,120.2
3858,116.60000000000001
3859,121.4
3860,120.4
3861,90.4
3862,120.80000000000001
3863,117.60000000000001
3864,117.4
3865,114.80000000000001
3866,120.60000000000001
3867,121.4
3868,120.4
3869,122.4
3870,118.60000000000001
3871,85.60000000000001
3872,86.80000000000001
3873,85.4
3874,124.4
3875,86.4
3876,122.4
3877,89.2
3878,89.2
3879,118.4
3880,117.80000000000001
3881,116.80000000000001
3882,117.80000000000001
3883,120.2
3884,121.60000000000001
3885,117.80000000000001
3886,120.0
3887,120.60000000000001
3888,117.4
3889,120.80000000000001
3890,117.60000000000001
3891,120.0
3892,133.8
3893,126.2
3894,119.80000000000001
3895,129.6
3896,132.6
3897,128.8
3898,121.2
3899,130.8
3900,143.20000000000002
3901,117.2
3902,128.6
3903,132.4
3904,134.4
3905,131.6
3906,133.4
3907,124.2
3908,140.20000000000002
3909,164.60000000000002
3910,152.20000000000002
3911,123.2
3912,134.20000000000002
3913,116.80000000000001
3914,128.20000000000002
3915,91.4
3916,110.4
3917,115.80000000000001
3918,86.2
3919,119.80000000000001
3920,121.60000000000001
3921,123.60000000000001
3922,129.8
3923,132.20000000000002
3924,135.8
3925,122.0
3926,123.60000000000001
3927,128.6
3928,126.2
3929,119.60000000000001
3930,119.80000000000001
3931,118.0
3932,118.4
3933,121.4
3934,129.0
3935,137.4
3936,134.20000000000002
3937,144.8
3938,138.0
3939,118.0
3940,84.60000000000001
3941,86.0
3942,99.4
3943,110.4
3944,115.4
3945,105.2
3946,121.80000000000001
3947,129.8
3948,118.80000000000001
3949,127.80000000000001
3950,123.60000000000001
3951,122.80000000000001
3952,124.60000000000001
3953,121.80000000000001
3954,127.60000000000001
3955,123.60000000000001
3956,122.4
3957,125.80000000000001
3958,128.4
3959,120.2
3960,85.60000000000001
3961,120.4
3962,132.4
3963,144.0
3964,140.6
3965,93.4
3966,122.60000000000001
3967,120.4
3968,84.2
3969,84.4
3970,118.0
3971,123.0
3972,121.2
3973,131.4
3974,143.6
3975,158.0
3976,139.0
3977,149.4
3978,146.4
3979,149.4
3980,146.6
3981,148.20000000000002
3982,147.6
3983,151.20000000000002
3984,151.0
3985,152.20000000000002
3986,86.2
3987,153.0
3988,153.4
3989,155.0
3990,154.20000000000002
3991,155.60000000000002
3992,88.80000000000001
3993,127.2
3994,134.8
3995,151.8
3996,158.4
3997,144.6
3998,158.8
3999,151.4
4000,154.60000000000002
4001,128.0
4002,145.4
4003,85.2
4004,139.8
4005,154.20000000000002
4006,149.8
4007,159.8
4008,163.8
4009,160.4
4010,91.60000000000001
4011,158.60000000000002
4012,132.0
4013,154.20000000000002
4014,163.20000000000002
4015,169.60000000000002
4016,80.60000000000001
4017,158.60000000000002
4018,157.0
4019,152.4
4020,155.0
4021,158.0
4022,164.8
4023,162.20000000000002
4024,159.60000000000002
4025,165.20000000000002
4026,154.8
4027,164.60000000000002
4028,156.4
4029,104.80000000000001
4030,160.60000000000002
4031,163.60000000000002
4032,85.0
4033,148.8
4034,157.60000000000002
4035,84.80000000000001
4036,84.4
4037,84.60000000000001
4038,142.6
4039,157.60000000000002
4040,114.0
4041,137.8
4042,97.80000000000001
4043,116.0
4044,125.60000000000001
4045,106.0
4046,86.80000000000001
4047,87.60000000000001
4048,105.2
4049,115.80000000000001
4050,106.60000000000001
4051,121.0
4052,136.4
4053,88.60000000000001
4054,84.0
4055,83.60000000000001
4056,83.80000000000001
4057,83.80000000000001
4058,83.4
4059,90.4
4060,97.4
4061,113.60000000000001
4062,83.80000000000001
4063,86.0
4064,99.2
4065,112.4
4066,108.2
4067,120.4
4068,108.0
4069,107.2
4070,101.2
4071,107.2
4072,131.0
4073,134.0
4074,111.80000000000001
4075,136.0
4076,135.8
4077,135.20000000000002
4078,135.6
4079,138.0
4080,133.4
4081,143.6
4082,142.0
4083,141.4
4084,84.80000000000001
4085,84.60000000000001
4086,146.8
4087,144.6
4088,153.20000000000002
4089,152.20000000000002
4090,154.8
4091,148.0
4092,149.20000000000002
4093,148.8
4094,151.6
4095,142.0
4096,150.4
4097,150.6
4098,134.6
4099,113.4
4100,143.8
4101,87.60000000000001
4102,141.20000000000002
4103,123.4
4104,140.6
4105,150.4
4106,150.4
4107,135.4
4108,145.8
4109,85.60000000000001
4110,147.8
4111,156.0
4112,150.8
4113,166.0
4114,100.80000000000001
4115,87.60000000000001
4116,152.20000000000002
4117,150.0
4118,146.20000000000002
4119,152.8
4120,163.20000000000002
4121,146.6
4122,156.20000000000002
4123,168.0
4124,162.60000000000002
4125,153.60000000000002
4126,131.8
4127,113.4
4128,151.4
4129,145.8
4130,152.4
4131,150.0
4132,144.8
4133,158.8
4134,160.20000000000002
4135,159.4
4136,168.60000000000002
4137,129.20000000000002
4138,164.20000000000002
4139,127.0
4140,151.4
4141,158.8
4142,148.20000000000002
4143,158.8
4144,153.4
4145,163.60000000000002
4146,163.4
4147,174.4
4148,123.2
4149,156.4
4150,159.60000000000002
4151,161.60000000000002
4152,167.20000000000002
4153,171.4
4154,180.0
4155,169.8
4156,148.4
4157,156.8
4158,176.8
4159,181.8
4160,182.60000000000002
4161,181.20000000000002
4162,185.60000000000002
4163,176.0
4164,172.0
4165,187.8
4166,191.60000000000002
4167,173.0
4168,192.20000000000002
4169,131.6
4170,196.0
4171,89.4
4172,191.60000000000002
4173,176.8
4174,205.4
4175,184.4
4176,207.60000000000002
4177,200.4
4178,204.20000000000002
4179,191.0
4180,201.60000000000002
4181,206.60000000000002
4182,203.8
4183,202.60000000000002
4184,199.0
4185,212.0
4186,206.60000000000002
4187,206.60000000000002
4188,211.60000000000002
4189,219.8
4190,213.4
4191,228.4
4192,205.8
4193,223.60000000000002
4194,241.4
4195,228.20000000000002
4196,246.20000000000002
4197,255.20000000000002
4198,227.0
4199,240.4
4200,240.4
4201,226.20000000000002
4202,279.0
4203,288.8
4204,300.0
4205,300.0
4206,300.0
4207,300.0
4208,300.0
4209,300.0
4210,300.0
4211,300.0
4212,300.0
4213,300.0
4214,300.0
4215,115.0
4216,300.0
4217,300.0
4218,118.80000000000001
4219,300.0
4220,300.0
4221,300.0
4222,300.0
4223,300.0
4224,300.0
4225,300.0
4226,300.0
4227,300.0
4228,300.0
4229,300.0
4230,300.0
4231,300.0
4232,300.0
4233,300.0
4234,300.0
4235,300.0
4236,300.0
4237,300.0
4238,300.0
4239,300.0
4240,300.0
4241,300.0
4242,300.0
4243,300.0
4244,300.0
4245,300.0
4246,300.0
4247,300.0
4248,300.0
4249,300.0
4250,300.0
4251,300.0
4252,300.0
4253,300.0
4254,300.0
4255,300.0
4256,300.0
4257,300.0
4258,300.0
4259,300.0
4260,300.0
4261,300.0
4262,300.0
4263,300.0
4264,300.0
4265,300.0
4266,300.0
4267,300.0
4268,300.0
4269,300.0
4270,300.0
4271,300.0
4272,300.0
4273,300.0
4274,300.0
4275,300.0
4276,300.0
4277,300.0
4278,300.0
4279,300.0
4280,300.0
4281,300.0
4282,300.0
4283,300.0
4284,300.0
4285,300.0
4286,300.0
4287,300.0
4288,300.0
4289,300.0
4290,300.0
4291,300.0
4292,300.0
4293,300.0
4294,300.0
4295,300.0
4296,300.0
4297,300.0
4298,300.0
4299,300.0
4300,300.0
4301,300.0
4302,300.0
4303,300.0
4304,300.0
4305,300.0
4306,300.0
4307,300.0
4308,300.0
4309,300.0
4310,300.0
4311,300.0
4312,300.0
4313,300.0
4314,300.0
4315,300.0
4316,286.0
4317,300.0
4318,300.0
4319,300.0
4320,300.0
4321,300.0
4322,300.0
4323,300.0
4324,300.0
4325,300.0
4326,300.0
4327,300.0
4328,300.0
4329,300.0
4330,300.0
4331,300.0
4332,300.0
4333,300.0
4334,300.0
4335,300.0
4336,300.0
4337,300.0
4338,300.0
4339,300.0
4340,300.0
4341,300.0
4342,300.0
4343,300.0
4344,300.0
4345,300.0
4346,300.0
4347,300.0
4348,300.0
4349,208.8
4350,300.0
4351,300.0
4352,300.0
4353,300.0
4354,300.0
4355,300.0
4356,300.0
4357,300.0
4358,300.0
4359,300.0
4360,300.0
4361,300.0
4362,300.0
4363,300.0
4364,300.0
4365,300.0
4366,300.0
4367,300.0
4368,300.0
4369,300.0
4370,300.0
4371,300.0
4372,300.0
4373,300.0
4374,300.0
4375,300.0
4376,300.0
4377,300.0
4378,300.0
4379,300.0
4380,300.0
4381,300.0
4382,300.0
4383,300.0
4384,300.0
4385,300.0
4386,300.0
4387,175.60000000000002
4388,300.0
4389,300.0
4390,300.0
4391,258.2
4392,99.0
4393,123.80000000000001
4394,85.80000000000001
4395,263.0
4396,109.60000000000001
4397,108.0
4398,112.60000000000001
4399,140.6
4400,300.0
4401,115.2
4402,300.0
4403,114.4
4404,88.0
4405,300.0
4406,95.80000000000001
4407,87.4
4408,300.0
4409,153.0
4410,170.60000000000002
4411,131.20000000000002
4412,158.4
4413,300.0
4414,198.60000000000002
4415,253.60000000000002
4416,300.0
4417,183.4
4418,250.0
4419,169.8
4420,133.4
4421,300.0
4422,300.0
4423,300.0
4424,300.0
4425,300.0
4426,300.0
4427,191.60000000000002
4428,269.8
4429,275.6
4430,300.0
4431,300.0
4432,128.0
4433,234.0
4434,146.20000000000002
4435,140.0
4436,149.8
4437,300.0
4438,139.20000000000002
4439,185.4
4440,300.0
4441,300.0
4442,174.0
4443,183.60000000000002
4444,184.60000000000002
4445,179.0
4446,204.20000000000002
4447,238.20000000000002
4448,220.0
4449,258.0
4450,263.40000000000003
4451,300.0
4452,300.0
4453,300.0
4454,300.0
4455,285.8
4456,300.0
4457,300.0
4458,300.0
4459,300.0
4460,192.8
4461,300.0
4462,128.20000000000002
4463,99.60000000000001
4464,111.60000000000001
4465,90.4
4466,141.20000000000002
4467,156.0
4468,167.60000000000002
4469,155.4
4470,163.8
4471,130.8
4472,162.4
4473,149.6
4474,136.6
4475,118.0
4476,132.8
4477,141.8
4478,172.20000000000002
4479,168.20000000000002
4480,175.4
4481,172.20000000000002
4482,152.8
4483,149.20000000000002
4484,150.8
4485,163.4
4486,158.20000000000002
4487,168.4
4488,171.0
4489,192.0
4490,207.4
4491,183.0
4492,161.4
4493,190.4
4494,189.0
4495,185.8
4496,167.20000000000002
4497,161.20000000000002
4498,199.8
4499,206.60000000000002
4500,199.0
4501,216.0
4502,229.60000000000002
4503,226.60000000000002
4504,229.60000000000002
4505,235.0
4506,241.20000000000002
4507,234.0
4508,230.4
4509,253.8
4510,252.20000000000002
4511,252.0
4512,241.20000000000002
4513,127.2
4514,188.20000000000002
4515,216.60000000000002
4516,261.40000000000003
4517,256.6
4518,214.4
4519,232.4
4520,217.8
4521,222.0
4522,176.8
4523,275.2
4524,88.80000000000001
4525,197.8
4526,89.2
4527,88.4
4528,87.60000000000001
4529,88.0
4530,90.4
4531,86.4
4532,84.4
4533,84.60000000000001
4534,85.4
4535,86.60000000000001
4536,86.60000000000001
4537,83.80000000000001
4538,83.2
4539,80.0
4540,84.60000000000001
4541,83.60000000000001
4542,83.4
4543,83.80000000000001
4544,83.80000000000001
4545,87.0
4546,84.0
4547,85.2
4548,83.4
4549,84.0
4550,84.60000000000001
4551,83.4
4552,83.80000000000001
4553,85.2
4554,85.0
4555,84.0
4556,83.60000000000001
4557,83.80000000000001
4558,83.60000000000001
4559,83.2
4560,84.80000000000001
4561,83.4
4562,84.4
4563,83.4
4564,83.60000000000001
4565,84.4
4566,87.0
4567,84.0
4568,84.2
4569,83.4
4570,85.0
4571,85.0
4572,85.0
4573,84.0
4574,84.0
4575,84.60000000000001
4576,83.80000000000001
4577,85.4
4578,85.80000000000001
4579,84.80000000000001
4580,85.0
4581,84.80000000000001
4582,85.4
4583,85.2
4584,86.80000000000001
4585,85.2
4586,84.0
4587,85.4
4588,88.0
4589,85.80000000000001
4590,89.2
4591,85.0
4592,84.0
4593,87.60000000000001
4594,85.2
4595,86.2
4596,85.0
4597,84.80000000000001
4598,85.60000000000001
4599,85.80000000000001
4600,87.0
4601,83.60000000000001
4602,88.60000000000001
4603,84.4
4604,88.0
4605,87.2
4606,86.4
4607,83.4
4608,85.0
4609,86.80000000000001
4610,84.2
4611,85.4
4612,85.0
4613,86.60000000000001
4614,84.0
4615,86.0
4616,84.80000000000001
4617,86.2
4618,84.80000000000001
4619,85.2
4620,84.60000000000001
4621,87.0
4622,84.80000000000001
4623,85.0
4624,85.80000000000001
4625,84.80000000000001
4626,84.60000000000001
4627,86.60000000000001
4628,85.60000000000001
4629,85.2
4630,85.4
4631,84.2
4632,89.2
4633,87.4
4634,86.0
4635,86.0
4636,87.4
4637,86.0
4638,88.0
4639,85.0
4640,86.2
4641,84.0
4642,85.80000000000001
4643,87.80000000000001
4644,85.0
4645,86.80000000000001
4646,86.2
4647,84.60000000000001
4648,86.60000000000001
4649,88.80000000000001
4650,85.0
4651,91.80000000000001
4652,88.4
4653,84.80000000000001
4654,85.60000000000001
4655,88.2
4656,85.2
4657,88.4
4658,90.0
4659,85.0
4660,85.60000000000001
4661,86.2
4662,86.60000000000001
4663,88.4
4664,87.0
4665,85.60000000000001
4666,85.0
4667,85.2
4668,84.60000000000001
4669,84.4
4670,85.80000000000001
4671,85.0
4672,84.80000000000001
4673,83.80000000000001
4674,83.2
4675,84.80000000000001
4676,84.2
4677,83.80000000000001
4678,83.4
4679,84.2
4680,83.80000000000001
4681,88.4
4682,84.4
4683,83.4
4684,83.80000000000001
4685,84.2
4686,83.80000000000001
4687,88.2
4688,84.0
4689,88.60000000000001
4690,84.4
4691,85.60000000000001
4692,83.2
4693,83.2
4694,84.60000000000001
4695,83.4
4696,85.60000000000001
4697,83.2
4698,83.4
4699,88.2
4700,85.60000000000001
4701,83.60000000000001
4702,83.80000000000001
4703,83.60000000000001
4704,83.4
4705,83.4
4706,83.80000000000001
4707,83.4
4708,83.80000000000001
4709,88.0
4710,84.2
4711,83.2
4712,88.2
4713,83.2
4714,85.4
4715,84.4
4716,84.0
4717,88.4
4718,85.2
4719,84.0
4720,83.0
4721,88.4
4722,84.2
4723,83.4
4724,83.4
4725,83.60000000000001
4726,84.2
4727,83.80000000000001
4728,83.80000000000001
4729,85.4
4730,79.80000000000001
4731,84.0
4732,86.60000000000001
4733,83.4
4734,85.0
4735,85.4
4736,85.2
4737,87.4
4738,85.0
4739,88.60000000000001
4740,83.2
4741,85.60000000000001
4742,84.2
4743,83.4
4744,83.60000000000001
4745,83.80000000000001
4746,84.2
4747,85.2
4748,83.80000000000001
4749,83.4
4750,84.0
4751,83.80000000000001
4752,83.60000000000001
4753,83.2
4754,83.60000000000001
4755,83.4
4756,85.60000000000001
4757,85.4
4758,85.0
4759,85.4
4760,90.0
4761,87.60000000000001
4762,90.0
4763,86.4
4764,86.0
4765,87.4
4766,85.2
4767,85.4
4768,86.0
4769,85.60000000000001
4770,85.80000000000001
4771,85.2
4772,85.0
4773,86.2
4774,83.60000000000001
4775,85.0
4776,87.0
4777,84.2
4778,84.2
4779,83.4
4780,83.60000000000001
4781,83.80000000000001
4782,83.4
4783,83.4
4784,85.2
4785,83.60000000000001
4786,83.80000000000001
4787,83.80000000000001
4788,83.80000000000001
4789,83.80000000000001
4790,84.2
4791,83.4
4792,83.4
4793,83.60000000000001
4794,83.60000000000001
4795,85.4
4796,83.4
4797,83.2
4798,83.4
4799,83.60000000000001
4800,80.0
4801,83.4
4802,86.60000000000001
4803,83.4
4804,83.80000000000001
4805,85.60000000000001
4806,85.80000000000001
4807,85.2
4808,85.0
4809,85.0
4810,85.0
4811,86.4
4812,85.2
4813,85.2
4814,86.2
4815,85.2
4816,85.4
4817,85.2
4818,85.60000000000001
4819,85.60000000000001
4820,89.60000000000001
4821,85.60000000000001
4822,85.4
4823,85.80000000000001
4824,80.60000000000001
4825,85.2
4826,84.60000000000001
4827,85.4
4828,88.60000000000001
4829,84.2
4830,88.60000000000001
4831,89.60000000000001
4832,85.0
4833,85.80000000000001
4834,86.0
4835,83.80000000000001
4836,85.80000000000001
4837,85.2
4838,85.0
4839,87.60000000000001
4840,85.2
4841,86.4
4842,85.80000000000001
4843,84.80000000000001
4844,86.0
4845,85.2
4846,86.0
4847,87.60000000000001
4848,86.4
4849,86.0
4850,86.2
4851,85.4
4852,85.60000000000001
4853,86.60000000000001
4854,86.4
4855,85.60000000000001
4856,84.80000000000001
4857,84.80000000000001
4858,85.2
4859,85.0
4860,85.0
4861,85.60000000000001
4862,87.80000000000001
4863,80.0
4864,87.0
4865,86.2
4866,80.0
4867,84.60000000000001
4868,85.60000000000001
4869,83.60000000000001
4870,83.60000000000001
4871,83.80000000000001
4872,83.4
4873,83.60000000000001
4874,86.60000000000001
4875,88.0
4876,83.80000000000001
4877,89.60000000000001
4878,83.60000000000001
4879,84.0
4880,83.4
4881,83.60000000000001
4882,85.0
4883,85.2
4884,83.60000000000001
4885,85.4
4886,84.2
4887,87.4
4888,83.4
4889,90.80000000000001
4890,85.2
4891,83.80000000000001
4892,84.80000000000001
4893,85.60000000000001
4894,87.60000000000001
4895,83.60000000000001
4896,80.2
4897,85.4
4898,85.0
4899,85.2
4900,84.0
4901,85.60000000000001
4902,85.2
4903,85.0
4904,85.2
4905,86.2
4906,89.0
4907,87.2
4908,86.2
4909,85.2
4910,85.2
4911,90.2
4912,85.2
4913,85.4
4914,85.0
4915,85.80000000000001
4916,85.80000000000001
4917,90.2
4918,85.0
4919,85.0
4920,85.2
4921,85.2
4922,85.60000000000001
4923,85.2
4924,85.2
4925,89.80000000000001
4926,85.60000000000001
4927,85.2
4928,84.2
4929,83.80000000000001
4930,90.60000000000001
4931,83.2
4932,90.4
4933,83.2
4934,83.60000000000001
4935,83.4
4936,85.0
4937,90.2
4938,80.0
4939,84.2
4940,83.80000000000001
4941,83.80000000000001
4942,84.60000000000001
4943,83.4
4944,83.2
4945,83.80000000000001
4946,84.0
4947,83.2
4948,83.60000000000001
4949,90.2
4950,83.4
4951,91.2
4952,84.0
4953,83.80000000000001
4954,84.4
4955,83.80000000000001
4956,84.0
4957,83.60000000000001
4958,83.60000000000001
4959,90.0
4960,83.60000000000001
4961,84.2
4962,90.60000000000001
4963,83.4
4964,83.80000000000001
4965,84.0
4966,83.4
4967,83.4
4968,84.0
4969,83.4
4970,85.2
4971,83.60000000000001
4972,83.4
4973,83.4
4974,85.4
4975,83.4
4976,83.4
4977,83.60000000000001
4978,83.60000000000001
4979,85.4
4980,86.2
4981,85.0
4982,85.2
4983,84.2
4984,85.4
4985,90.60000000000001
4986,85.60000000000001
4987,85.2
4988,86.0
4989,85.80000000000001
4990,86.0
4991,85.4
4992,84.0
4993,83.80000000000001
4994,83.60000000000001
4995,84.80000000000001
4996,83.60000000000001
4997,83.4
4998,90.2
4999,83.4
